{"file_hashes":[{"block_hashes":["ZcpvE8+d7D2sXbFlz3qlfvzEiTcUGb63WlCiol8sLyc="],"block_size":4096,"path":"1p-filters.html"},{"block_hashes":["/+vN7cTyCf1NFs1PXQu+Z96kZ+H/56Sh0QV4ZMeAqRA="],"block_size":4096,"path":"3p-filters.html"},{"block_hashes":["Ueh6thk3MWvHUYIGylFNGg4e6RjsSGNteqJ2mDZEICY=","8VMDhPYwzvMLNXhzTaFYmrSXMeZUlj7vUzbsPlc73dw=","CV5zFS9iVW0q+kjS+Soi/WVnpqJsZFSKz12YEx1vExU=","LljxriLmHdAbrVw5N0b/AC21kiyEwnEMSPfOrBu0pbQ=","kz5c1xBd6xihnxMwCNF1OBpih95GSyMu730XNMXjBUg=","t6Mhp2d9Tz6qjoRgfYYMdHwsXQe6dag4MM2b12n1enA=","QSVHC4O3kVU0BFVJjJs76FKtj987Z8yB4BIpj88Zgz8=","cBDd+wwF0JbYz+s0SXLop1mz2NLGNy5IeqpEi3Futqc=","bfed/FyYyHdwAbJpyISLyEf3jjPryy0vJnTY6uhS2sc="],"block_size":4096,"path":"LICENSE.txt"},{"block_hashes":["6roMrFRyR7E29p2/cUNRQSoLLF92HUiE0qvAAUSsMcI="],"block_size":4096,"path":"about.html"},{"block_hashes":["UH96LNFgT6byhSPWKD0b7Wyqm+fgHUrOY3I6iTOoqrQ="],"block_size":4096,"path":"asset-viewer.html"},{"block_hashes":["fnwbhYP6lNOdU1woNXje2Pskx59cWF9+hdgzfpHPVno="],"block_size":4096,"path":"assets/checksums.txt"},{"block_hashes":["pq7a5tlP8MvW9CsASDdxXzu0EqQE9oe1xr5uX2/x4AI=","R/xA677f6Jy2xmModNYcAyNrxyEInrufx1YdlRCwL9Q=","BFJKkhPtv4XktX7fkNKmNkUpg6z35qNcH1MIuwhK6ew=","0a0tBwMslRLUABm+YwAYuDy51Fz43nASmuNnlYJidwU=","VTnJtCVlKWDfakYRhe8A3EuRJ6yo0fYwS3WGS4KLXjc=","zV6rmsUNL+9cSEti12CmPtGB1LgR1yh5m6QXf7Mw1Iw=","NzBPTXaEJjAt02T8jmOgpE0utyWzQyVnC9JE9F60m+k=","ppur5mrDNsHS0GJ8d/WlDSTDiRgZfxt+Nnqu7HgUdwE=","IEu6wbbmgITk3IwEOdtN65ZD/K7eC3i8le2ZlefEnLk=","w1FNGku/3mFF9ABHTVhlz1N9fpVQt7ayrAtcb4UhM7Q=","2ZxhGCjuhEIcxOkhu+PfwCFbbsjn7AVtW78YL4nU48E=","0PHSNgqngePGu24oAsCtzvm4PAF1icnXnDiUhEYtHe4=","TqxcpugCw5DooO/bcaR/Srn9RNGkqu1VQR+Nqrt/GvE=","JGhw/9V+Z3K3DcnAzPqiGrvjeK7vETZyWlGuyRZDBvA=","Of/8o4n18bxTK+ZYYoV296Bi0KSXk/4khhGJMA8QHX0=","oZYvArvHS89ordrQZid9byCCT95ZYc7fOSL7MR6HzLY=","jgY9y5HETNZtSasrxpO6oocfRaAEB8UqfG2WjgdJkIQ=","gwV4T4tvk5uzBGZqkNmlbiYxzXs3RstE9li9QvUhszc=","B3a+XzWc+M3LPZFKfgG7jkY1p20MQdEb+7QnAvTnZXc=","TE58PeANu2tAFoy+XMX7VFTOr+uwrXDiMCg15K3O97Y=","JZ5vWfGj1kaJ+Fa+U2fcxzVT3yXcV93HDS6AbjsdH68=","xHR//Bkj5J1884EiCE0Gr1LHHzXiUFsCzv6/svWDnu4=","ptMKvbJxESTyPhmP1OEQRLECgVBHcxTu282SRqL58EM=","wmBaTxdwmgOqEfyg7ecT4mk3YaTFkXnc6sLp0kDHbyo=","CMpVheiKcTqFB6PxqwEFrRVb5yCFuEEN6LoV+opMOqU=","nCA9pUYwQIxwVzjJmLKBn4P+ox7DQkgVV20TeIXs6Hs=","cWdcs0vzN5Ulpe+uwRfxbtNn5Q8rtd7XXB+FKUf1Cg8=","t7uCKEIPszwiAPTHbzJj4U7f+8sQ7BzZ6L2KLsbTjqc=","YAehnom1fGfoSeESlliJszD6AbrpVP9c7KwwKBVsDS8=","Nbh/vFQnZ9BQzsYk2/WNsKvReCWCsENvha2BR8ZfEes=","mf1x90Ym9j1S298Er0vjZoX8y5E/BbUUAC3rRzxupHk=","0iivwnQ1vmyTUIO+Gk5WWnhW1j//Ckgu3goK2gxWjko=","Cse1MMITwMu/ZcQNwnCKJ/rHrdDCywwu1y43UKF+zJo=","5QrzQ4mCT3nOlFgmSnbcLW+tzX7UCOf6It+homqYmKg=","SI+ngKy1s0kEfJK7EuCxeSiUMWK17Dpp7SJQ0PDx4Xg=","vFbqd9fXDvgWMOCKx1sJQK9keIc4lsEJoqootZlS2Ro=","JBUGS4b+2p7HxJMZGctrJkxR1l0tSLzCv2wDK77ALRw=","JGdk3YNo2I5z/pK2XDZlPcIBdgF1L45LeiDu/9JjTdU=","T150fPlZiKXyTW6rHuplBW1ilwbSPP+ygLGE7+q8Dbw=","DhPzf5guBldtQKCzZeeNGluvw9f4faAAriRu0+jOGFE=","Ss3fGzF7nG3/hjZbkeGvbulJeK0DWMS6PUlnaHlL3VM=","z/Udv25QipMOKvqoIkjWVc2ofGJZKrdrbI5qO+OU1CQ=","1FIuFMfJDZmo00+moBd/60l9ge+MR6Oc1n7SpV117ZI=","BbcHnGf2/xnf2OsDAQqy8EfPjNluzGFi5e5ffT/q4ug=","+DQsWfl3+KWzgntMXtjwKKnfEUAeZ5Cqd4JH84bmYMs=","pmEt7wkfZFIyNyJs0tbJrqvfzsvssfCWfgpA2uKmIJ4=","5s2RjrV4EaxghvTvXxchSu76/SjuzNwwIdaodVHvq74=","vkT6LEYoowgNbdDif7zpZceUURNVpn9v77Pln4VvrLk=","P1GiVNEV5KGajks8QjvFblgbCT71nXA1Q88BJeEH3VM=","7dIFnpw3YHZN5a1gDb9uoE/ynWn/Rqpw4E7+oJo8UJk=","VAtKcI/fs0An5h6B9jhn0zOzo0Nzh6piMsBqdtAmwr4=","hOywtsiWNZ+xBs3x14IKyDZZDW447LSydJWzP7OsyEM=","912qUWd68lLif3Zl+LJxFLxIbxDPa9ww9jnWV0M9LqY=","fDZHaRj1ofDcfuPSx0yBk9/AbMUsmjM6B6fodJ82eGk=","B6ZPmBMdNET6J89o/2KG/+TGazqUbTld4LpEQ45u2MY=","VObIFu/xz9im+o0ZRL1uo3bgCVF/gwP0nU7B65Vsds4=","OOVt8dAj/eUInrHMZJKIs6tTPrU+dh0iebzRUd5VgOw=","RM4r1+R8hYu1XC21BbzXn+7SLVmq4a+cs4LU0RIHOr8=","B6w2W8xJ+84HdaQDggJzWANum2f3Fdf9o1ZHK9vR1DQ=","U2QhvjNMd+7MtKL4i+NtNNOllK6cZhGK2H0CJoieEOA=","u6JQGUqf4AVAnW7FnZ/J4XnEQhdSR5QbjK2fFwGreGQ=","PIepQV54merRLgDmeRFuLcSzibm57OUleOUdBrNgYHQ=","Xy6y+yINSZbr23teEKTeYEYfDYcF0rVLqmYAdNNP4pI=","vXeljvHLlynkSjqrN4jXoorUZocXD87KAnovFeuhTFg=","faqGjoqS3IClZWdmQBxfnjgyFoaabb+V//xwXGpDY78=","crNsAidULn7l6tk08K248BrkyGHEt6YMn3kgzOYZ7RE=","eqN78Dc5mT01Ar2cuDWsDHAYEySMu8iBzuIhlWFznfY=","v80KmyHbPdGYMbzs8pvSrHEF/C8c+wVkPN9ggCS8X7w=","Q2xaALkVuNMM3bBOO4TURNx5gnxBcZtfdwg+UeBOqEI=","rV02BocRV5XiYCjkw9IWuVDTwwNXz5ztaxT7UHbRanQ=","m8zLU5r37KeUlXeSf1unw2SZXB41C5cwJtQKNjVfsn4=","mTQqrn4TvhY7Bv6c8bH9oAxDMc6rw+jglIU05wEhBbo=","O5VZbkgs/3JwlvXOq3FzTblBzUPX7Dy9/jFwIgysgt0=","9621xcmYnxTP+bgBqAsi6QSd1IVkfaa8OWNO7vJeGZo=","L7+PN1XwN5Zs665LOKdhbqhPL6MQTv0vmhb0mYL1IjQ=","SPQf/BkSO7TuEN27lKrLaiXw+pUvj3TCn9shpcCn+Xk=","ijwrCg1rV1/ZdKuHlf8C+sJ/52mQOa8YXJ3TCsK9gng=","oIkwdWead3HtR6acDRBuYOxEvballOP0xFueJsDP1YM=","mq9b/8YtXL42mvSsbsJXOMo+LIVvSG/CpXlyFhFu61s=","QMG/fbZWZ0EPROo9+N8E9LP6mF9eoerY6Ryk3flEFic=","5hSoG5Zi4Hly0h/IUG36KcrCQw+f3E5I81P/C4m5Kw0=","erak/B+T9mZMSpV2pfZ0NEmLIFn1Haz/2priOQ4UKws=","Ns7R0UwPIsUQuKmIgc5ueQH4Hp/GxuCnSoe8Nj378vw=","9k4AXF4gyO4pcRgH4n1QZVvrW8OwPDl1iQZ3Q3IfiO8=","lLkBoGIfRzrurq/3N/90bjyjwNDapeWNwB+DR0DKBEo=","/VE33Z71rp+ihwUGRh4E3k5Mou5Cf8U4Zub5cD3Tf9g=","X90Ldd2UIFOixxIkeHdOMlfTpoYfS5JSqJuGcW/g3Zw=","HVUR93Gf3W0EtFAuqFInsxDSVeyXxSPUs075xLr1PeY=","IXH46o1kCWq6xfVrjUBxW7AcPQe/mnL/QfnMtsObiJ8=","ikItZ5GiVAiN4TESycO3vE8YcXPZLZkbnzFFDGzB6+Q=","y+fQJonkTc0Ki0abx19EP9qT+YvRexnIihPeRA0yvMg=","V76OKN1tKnjFHeZQI+XWcT7DgsUbvNMMe7QhISQTvys=","ftflLN5JPiCcnRX3JtspFq534x26rlToTeNuXCV9DSU=","cb2yJYyoGAFCfCl7A6xbfKwHufKJUU7RzDgynk2/X1Q=","kT2ufhYuzIK6P3IcH9N2VaI2zauinaIvmjVS1jov54g=","hCS7uKQrkUE7+EVfUJIcTrU15w0VgdeZRbIqTtY3MvQ=","ApUVIHw6JImatfac7xz027r8TEVCA24FUJuHGdkLw58=","cyapZZQbmvC79GiujfE3TJ+awfUKCxm6OK8cH7K7Lio=","acA9Uhj6/uMUtwfmQTd/MerPqmqtJ6K8ZhU79jPXqB0=","ruSmi6csYn4uQivdKf2QDH6TiB/R0hMXPTLlLXInJJY=","bqWtJ0nemo7iGuONz6Bf1mcPpZSw97uxxCIcUGU/FcU=","tFfgLg0hyVhwivdFdMiUNxUdBYzqGxV3UkQOJwmsT84=","GFX/QlEr4jJhn7pwRk43DBB4B3qs5Ks9jeA2YF4oUp0=","E8yDhmoET2bw2xANhZHpbPoqdOFPSj256f0Cuf+krqs=","zOD/uQjnzydjqAbdCKhnvQH2qoeqCYjrZorTmW8RSF8=","7wrKO1tEAQZI3YWlBAD151kvLQmSpHRXg1kkd6ClB7g=","zsWADpCWXk1HbCUFHlNrD1Npk848SZPSzYFEpGiOgGE=","V+uLQ4ZDvQEpBZcgLtGmcpzTgH1hHVY2I15ilQr/mO4=","FC6jIfFZuPBTSrlWqyZwUHahzXgpOPnjg57dednMOdA=","+FKK1BHcifNwpFffgXA/MO2LccGVkSJ0RGOB6ZEX4Gc=","kAOOCw+9a/t+dN+FjrsutiZmxsBzk4eflLUReiqKbD8=","UwMl92mJHVgKvJ4UUzBpUvfresEXzP9ge5zoriAfyG8=","IQ8PLnJS3Rpz6as/RBiw+dbkfbXQMjm1XMvs6rx6kn4=","s6unh+uttZBfv4mTYAIkiHl/Cg0aWxDZpYea/YC/lYw=","o9lgaBbdti5LyDaCPiQjGR4H1AQX9YUFiaxZtyNjtb8=","oKvc1NZJ1M5avkdB/4d/OFIZGJK9f11vL93CctBePiM=","IZqxmsvjogx+2J3hdLsYMuY1s9PrMmUXjYZ+YHQpW10=","ZGwqJ9pJFvny5MqmpZvpbnu7cUR4fE1JPQW+SIGuEfg=","4q0dETT2h+im+AmHX/C4XARi/SkoVJMrRYc3zFMfaY4=","fDjyNxNl+C8CRIxEDo2cPEenqP/4BJU2df+fNyd4UvU=","TWMOpNLuCK6H+4WAXR6g7X/cNjyKCXQYVhgWOjvTkTc=","bg+XBnF0wrRo04JTyTDix/ZXS9eeDUDxmNMTpsmRogE=","F+aoTVkdKm7/eFgplkWBgFi5oGgFd5BySPoh+rIp9YM=","uj3Fs52Mjdp141Ldq8gQwuscjJ+tRUMHrLBR2NSI0UU=","Jtg5ay8f73NPQTgCKyQZ5dGO8Gd92O3qQxQyaD0j/yo=","RhS0iU6x8zRepFHSg0o++YNsa/d39MC23qkBagqPyas=","/0rEKEw2vgxwEb0+ySgk5C6MrvvEWNklThnldDeNbos=","5SILBXOcwnDff7UktvhedHa99rBcU4q6Xb+c09SAqWU=","cA43SAeBGYZtvlBtBltRwl8FXlyCst+Wl9FHUv/54z8=","C+vEsOEDitkFMBA5VD8aA+WBnmPVjiowsq6XdGqM3Ms=","vAogQ6lZZPNCV7rmYFX0/QaGtqTVSaPzME/cFR/dYRA=","f9IWNxCX8KVoZW+AUHAYEfIwQbTZ3QO62fTgSrRqpik=","3FTlTI7VgQsnuxMfTWJtAhJyoUxBQNCiYJXSDAZ1Rqk=","N8O7LPbuVhbEj7rjLAaShPWQYeVfxiGTRme2l1JVdbg=","uEhiKSBpk1CslD+G+QFMS/twk1bXslpQZJgWkOTldGs=","H13X3+Fuo3722VHjC46DTXejB09HAwLwtMDifFEnGCA=","TNAKJ/EC/YVaMNejNOMzIDm+yPcj5Tn9CyGzq451rKc=","Fl6uZjooyeApLYe52prDS8cLN3iYLySyJSbld8U+mlc=","iU8VDEvpqVeh2EVhPcelnxb5UqxNG/te+hHnw6jflZo=","+wewQsW6Byf4z02odC9OqE/rvL9vy2EhVdFbD0r08xI=","mLvdEwtmsuRDCt3MYtnW7VcLPTPt91726eILi+wnwlo=","OmprXeNKN4D1UsqIZWjBUlS/Rt8p2Zq4X5ZbQd+gP28=","ctK59fdg6lHawX0h+NgJLibMedz08zqzhGgrl7IqsOI=","uuaj3fybWUgV4xant8+hOT0Fo6UyHuCYeUHtVQPG74I=","glH7nmnXAOxgkcaERxAW7sbPNsjS5WeRzymo7O0Qx3M=","lHfXHfbFeDvZEXomK+u/edlWf6gF7Noaad4Da3RZwcA=","k9CSAC6mHvxxkpiIMM+Z0T0jd/7QR/zLLYkWdt8164I=","tJ6zvh7p/knQuYkUW7AB+WYjEKZzwu1LocQ8QvfeQM0=","mMS82PSKt3gUYYY4OiePHKNMpYjqw7YLUW8oMGTZvRg=","VJ6EORLEnLY6yCXfWZg0tRkOX2416jzTsjB2bJs5nrk=","qtHBGeZNapz/spe8LxxjI7rCtjylkcn+MdkXm5Z+jtQ=","1CtWG45vz2Er6IqF7ddjCnCdY/w4J6/BS7al29TdRbM=","p4HYiPvnzG5HJnvt/RSFQkvG9oFXJRBIuAdFl76AXmk=","XLxW/TmMo5Rsi0YcnhuR9o3ODAQpmFiNopyUd0MARD0=","S50jgB7twbY1kIMJwLaV8lJqUR7ZszY72Xjvq/Pr7dw=","Jea1+NYOe5eyX1i3kR3VLLFyUvGDpcD1aJsbP/nApwQ=","kA6j7afjaoWbG5fa71lZntcZtI8QeGQbcQmJvA8vOHg=","KRW7rZzlESS7jI2giC4hjEKhtRqIPBsJ0PwFg/IDb0s=","YrzgEIQ/Pu2LWGTlUZHp4NraxtY/gB1ZoUZHxP8qNvE=","nAx5drZtcCG2Vmxm8SHOlT/xX9euW7QH0UaYI/h8PJc=","TuzDh4dqfRCqaTxcv/wvXQ7ycBUAJJN+RiF//qSzTRs=","wJMmbGADaPWmPp2lkscFhvt4rMbOeeIQWCL9yOOJtCI=","FYXE+NMrdUQE427RLKPryYVQj1XLf4Z1iDp5xM/S4HU=","0MfsSR89/VCFXQGy29lct6qoqlgbYvmjCrXbIVp7Esk=","v9ebXFQNLgf7ZMOxuyFed37xH2HR0L7h82Ve7YazXkk=","/3JCd04Rvqsv3cbzosmrYr/NSxFIJqyIhHI7O2zoMW8=","7tahhDsDqILhIfLhKBhOSymaxQM64oGp46Mrg5xnibU=","JoY2pTXmd9N4jfSoSc5YVBl8WXpj5JU+jed+jeJ9N6E=","tI9YniVp5C0CP4CfD3sHatiNotKAT1ctfMHXgi1cpro=","R1X4LyV8duDaYk5KEb5ezq97Z6RcozeiqbYp6uMhzHM=","4N1la+/VA4tL2LuifUMP5rVFNJZ6kMPGauAFjuMtx+E=","tdKYv5b5j/MNzX2n3P9WbnBwXAVBmYqCJhv85Ki3mqo=","yFm4PNPfN9QbxGgS0kATlG4LjRG8XHtla8uuZuiSP4c=","Wsl4bXQKqkTEI107/K80GnYHJ4iI/jMThAakg/hpYOA=","VPtnMD3DmLCtqUjYpbslQyKG11sXf2LliIy1JSEY1DY=","j3ADk9Hs6Cal2Do8M7ZJ9uBhy2QluqnnfcwFQAYUh2k=","/ehxOgRd1+dZKopgvgXsMMUPf3TO1nFfwBbYRSEeBEs=","X5wyoQHNHK9Z7vV6jEyErSZ1P1AEmovVn8flvouw9GU=","v4QMdWJqU9J4JtTYyn4geJPmqVIMWikgaEFiCyiSezA=","4//LT7UhgIy2eKslfNscrDNZyYhHEmB4YMweqel2+kc=","EHEhwoRZNdWts3HxzQ4KFm3GwIKa+vW9RExXhkDPfpk=","aaZjhMviUaA7bPvNLnxp4oGw6uaLhQPgpt33m9OtEYc=","1yfzFfNSp56deiZ1MUxCw3CTYbxbiJ226+DkXESJF4k=","DgaTVwTGLSv64hYNwce8ebLADnES2EGC1fxIECYpP0Y=","lQPuJrjLpI/XruCneobifGgxX332JozNIWQ59+2GyL4=","u5rEljPelPcAyGUFDx/g1K94rhWyvyfa7vesVw+SbMM=","WuWLNX6ZdLDCeApT86tCfyV/7aX09O31hS3u5YnoiTo=","cHMigaZ/Fk/qK3urMp7YuIvW/n2gkSdAuc76gYPThao=","RUeMMZhVOPbE5XvnUhc81GK5BxsibExNjYUrPnb+0n0=","Iid2xpmLSb87vwO4EFgUOpQT/Xv4qrNe01DivEZKT3A=","NMnmMskF2OVr8OggZ6b2e1w/Ot2n3QSbKlgsZE/RQ+c=","zud4VGRbuoHMJeBARAgp9rQXfTdDg4Cct6bGHwpYQQY=","e+WXzE4P0xtU4AJ/160FS2hHJ1I8knnf8vVvX8mITa4=","M4qcc6CTMtz9o+Mt8YwNT+xqmi+yf7NVWixlqoiyT84=","ObNHDEt5kFjp9kv4YIaMwYNljZDwTVdKTOrDGaP+9h0=","9nYpPt08A7TkaFNoRlapOoWhP1/QtCDNAZ6yEXPwPk0=","L45UJmOi1Xu45eYAKR+f4DerDrkBdBFziHj8pzO3ViE=","2Gl6JXYnfHqSANLa8DxIJsyTffVca4pcCbGbFfCrxHc=","WP3ywoEaqOaPmvTZAz31UhiXQOB96xS9U7TTSTYxB0U=","7MN7NIcIXRiAE9I8CACn1y01VHQMHCUehJL+NnzO0gE=","Lyjh++SuSZubq0+InO9/qCJApcHugokN19MK3MG6gnA=","tmF3qSW5o1qUw0LlOHfgu7zRK7gzr6Nmj+gUYKTjnoc=","6ZrNLvPaYdYqUVB5NdiDn5fJU+K6ctfPnF+9fMDae84=","8R1FHD0u9RGrrT4Pvo0CQQ273mguL/n2nXCkAKa5Y8o=","AcNxgVb9M/09+j5SIzMfp96VHqT/tjQl4vJgmxu0Ia0=","arYq5XmFRzajSrIor+uhyNVw1PujRbGQc5LCEkArhWA=","Q2nBOcRwSZ2vv1aLarTEdKK4dhhXCin2GF1ZIS/Wwco=","Gwycy+0jd9HSLey6PnrxXQZXXyJbhi3gyl9iiTlQgNU=","LHkTOIuP4Xo86dppjv8BWM1wIz6vqKp2lVvBqXW7xdo=","L6RURwTnUgFBj3ZSCceh7fHr4H1IOVhKQa8rISEWBic=","wKLsh3xKgLcaxDfGQmNdvO1nNKznHzXnaX/woGclM+c=","kVjmLagCygd0VCxIF7qfNZbQv2vW/rsgS7LEGvl+/4w=","RmPP6wGlEgrcGwylF04ses2XE3fV4wPBoV83xpB6jtk=","VK55dhFaSnwU7hnQkubQXCyUpvDxl2PyE/jWySXwr+Q=","NdKv6irRiapxFngaUTIn5wICzxbQJossDd3kZ/XPppQ=","NxRdbf9amtFOCvlY59R3jUXD1P+yTTX/Z1UUuwVjFQg=","8Lj5lfxKkdjyoyIp7Mi6Y122h5WhCOwWax4OoRjI15U=","QW/7lniIGvJ5nfwWQmxW0ETTBYnryWstcfsWx9yA/RI=","zEjunail8dWMClvmG3roc0WIviLcaaTBBdppNkXWU5w=","4iVu8JU8n0YMDEGJAPoZ5y6fs6gXe7AqdbkNa8mNuJA=","AuBs/1LOb5U3s6f29AZ3OtjjUfEXUt7yT3npD/vW6Fg=","Yic0olV2E8XDhOiOJAFuKKNi1G2aVaSLyDVuxTmPKYg=","m4KN9tQoJhID8XcTJiYRjUY5xthRs6SAEHxcT1+Rumg=","99J4mAQ8cBgjVJfwmqnJrWj+VwZ1yhdd4cyhjyMxwRA=","yyFj8IXLMeCBdKqVBAlSXfG2sk10gtqx7MUELao99ug=","NZVfonzWFz+Q3CWRPsqlBkbO5dHimrmCMsPVFYChrow=","YzwMePQBYGw/IJhnRVvz9XI7Bgorr8wOmsxj0Ccwxjw=","pl4PE9U8bQkNQHppmSdQvpeaqinnnR35wDFCey2xEk8=","QEKo4soQqSNYbY7zdPbD+FH9f7GVKiBKjkbF35Xb8i4=","kRZSaS4UNJTwXU34yMdwzP7d+TpJ0mfnNXW95xxazNU=","JJ6R6YZNHwG2RCpZ/5ARVgXRWndHniQdDWTr6BPaDyM=","gU9654oyLTrvjpIygN5Audw3yiUsVXtrgX+B0hLJZFw=","yIYwc6Wgurj7IsqnF8V4CXeFufWZ3boJJ+DXvGM9KXs=","GuTUALyCpaU1Ioe04WcvXE6vAxYvo5WGu68NK1C8rik=","gIHdz1xBfUYzQ2ehauSUW9NEroKXe2S8oxqtswV2KCk=","xoii93V8XBuOoC2w6Z+tYhb29KVMBkG8gGMoilG1XjI=","i8t1AThfRQNpmGmPlwU/47C5OhWLTMHe6tOQZu8IPvE=","GAfKCQh0SGyiP5mXo4P0l6+gJfrDpQG62gmMmApVY+o=","xM6VrsO+yga4FNHHvpYRggXIWVJNuAoaQRupzOuOMRM=","xWszw2LuDnAoJekl4rr3I9ibQ8hVJFs3NXjLwpXGjN8=","DtyjVD4O4btHtKwFfsiL2ZBB5z4E4LAHYyxI/jvkIVE=","UeB+186gDNZqRn0Uo/0BKcX/v8zPGs1Q29QeWIAA9Zo=","VUjP/7+Qg+7QbEZMSLJBYwnfvhwBx/X+7gBEXUMMHxU=","lesOzLwNHgMAcR1/a1rHJSoAIIZUj/vqZ6WboVGzdEE=","LnmQEAQAV9VD0Y6uK3GTqypDlGGfXvC2440WEa+qacw=","7BU+Rh8YWLr5Amks+UATpqZf1cnqmZA3HccfTEwkXPw=","jhPE2KMe1JO6pqEUngKC6uJOG+Mb2f6nskI4o1e3ONs=","JqZo4+2pKy9TnNyBjirtCbuUliCg4OXJtZwAdfcezj4=","Glb4U6GXuJmun7GCzD97xg+dShKtbyeQFYeFzmWKWqw=","FQQZOvdZUSjC2RjGMDSv4MGIsmOmL9s6IebB88ITpC8=","aQmDgS0K8hs9Apq65MCm592eQcs8ne4EyfJEAtMWfZ8=","6ZiwdiL6gLfbMSDr08YRQRJlvlgnWKukiJFcEI/dcIY=","lfc4/bKZuqMPdHC8LV0BqOIjrEJXcPvWNUWk+VvEG+Q=","R2IribbwdPiTPHDSR7eDKYp3g2X729As3c03gFyfKPQ=","YA82u5q/q2kkxJxllJfRa7Jd3XDxYwJPXf0b8ixp3NE=","q7yXdV5qaxYbk4qdgsxPf82E6dw+jy1i7ISGQ2cYlaw=","G5eMcgLvMCxvMcM27476YafL1EpTQuloWiIhTp/ufw8=","uEDF7RVibXAfyDt1Y8zJtbT3zFC3+64KRoiZNR4evKU=","FOtKKaMqfdfN8vhqDherwWiSU221B5T4Ru8OrYClYzg=","+ATxH92Is+9B+9nxXQxFvHTvhK1w0c1XrYWdMfj6rTY=","xQvd4xD9J/9sw3RfX5hPCdWSXbiYHU5no0YudmxfQ0E=","izr10puG9VtOLafBnsk8mWUvFpfzUFnSCESoB/gGfU8=","uADMF0vA7dvd+1slBcFW8Vchajc2SzD5+e0P0tNCQWQ=","/kEqqdVNEgDxv31THePs9+JbkdPTKFwhCDTYV0ZwKzs=","5tHmJxoM++9EfOLmsVu4YaRjIXWpgH3wZtbAhoNhqjQ=","RPTR8HJvL3w4L1OsDopKlXYSvAE4ycF+n7SHzcYuR6g=","yX6qABtakr8OJjl53RuIyqDLa4aXjZh/vyXf3k9AOEQ=","S7feAYBL3euhx01qORoOcX6Oln84GMWgxtMckN/mhE4=","Y0ejPlARiZtKSg/ZbAZlJXhXZDxNfHzXKAl8HwKakVA=","EzGOUL6ksxXr4TrG2XCNlyI6hhZO0DhBtEYxGWlyLvs=","HqJNDT9eJoA6oIOxzIgEr/E+by3z6lEq5ip0dHcmAPU=","DETgIwmMj5AiA/Bpj6+DxSvIQf4il5lV2rdbdXYIKpY=","ukY9Q1byWd6FwEpiNWxsAf4Nh8z4O2umScJnhnjQBCY=","XHun19ghqRONdKmXfJpqED0wKpfmE6RL8Q71Kbp4SGY=","/le5qOa3xghTX/oAzPpBSH8hStgIKAyE27E8BGeQBAU=","zObxBoBmofGB0+uMWLJmQEPLipbqFFzVaizAeXi5eZ0=","UFVUyA/XYra9fy36tP4ZcASEhz8wCmyvgUYDi0dzqcA=","jGWEvdv/Ir17v/u742lGMExqFV3BTdInj4qT7+AzyIo=","WgszBNRXPwpIBFQpfvWfPJ0sM/Gg31MLHf67xCGQSHQ=","sAupUpgWebQ93QGrf6o0LOpVcqvCHFqf+k1Ws4s+n0c=","Wf9IbaP43B/1Xo/GSgqt1riIgQ5dHwNoWcQbQWPYtJI=","F5Lhlhr3UUWKWAAav9WP+eX+bopb6Qxu7KmtUGt08gg=","KXCInurNNT/KWIC0+YbrV/8MrdUeQML/ZzPZsTnme60=","r/CDPoxRsx/6XqzlfEZzp1257EH01nFHtQRmSsAYM7E=","IfMAvJuoF3hzdwhqkQoENscgoAr7XlQqjMk1hyE6UrI=","xG3l0fHXgz5pMcMi8cy2cFZOGASJg25Ndl97q+n0ClE=","sCF+K9dHjfjG2NU1C8SB8otFuIqaF9TrVLfO/LtbGAg=","LnS6QpAbCtDpwr7ukb+xBSjpJDovDWvcBFwLj5iLxZ0=","hEABfP5S5SJdfIHmRgFJCuwFE+1+nZMRWdYA7yvXCEw=","xdyBRbEbrX4QvNC4+KVZ0FrJDgkt7K9pwBLC9Gx/ApQ=","Oz0gaGBGFuKMzA4fP1MinuNYEGaavuZVll+or3wzxbU=","lnp4gj+wORNMMT936BSLmuZ4aF/z7g9AcVJlolCQLps=","t85943SfLo7ZHhiYKGwbrPbba6hLrVeWdrjFUyBijno=","9l/6SFIUhFahPaCnzT/I6FXfp9+GF2eOfy+HDHqjO5I=","bR/rEHc7q/jH7fUb3R3Cnbfg+Du/wqdg/KOJ/juEZo4=","TVDQZdTVmh77oTLcT1d+myR1Oune+AphGXuDLa/qr7U=","OPFd/uR24wVOhj9W41ztpu5KG7GhOLfBwOhy7pSCLFI=","ThLaXQBv/MxEnBkgod8v+JkYY4onuExaD4n7EoZ+adw=","QHZwQkt2TIw6NFSpWWWIIilt6iJlrRLS501FPQIXEgA=","Om0E2tjgxfWl7OBINL3it43x6Zve1zIsRgGjGqYxR10=","Upahhayv3/aZsxVChheZ9vc2RA3zG2N67jrrbJwQdGU=","fLNBOdJrn/8CxXIrUoBnrWbTGyUT54nWIrA5CU17nlA=","Vd+r9hM8E1+9mX6RCetqe8znxnXtODQEnZmi/slLdiQ=","84J35RxhUu7VlqHAyv3/RW6QHw9PK33hr5A/0+/suNA=","Li8j/csjpZjyY7cZ6cXbxd5yEWaNrBzIOo6T0emv+P4=","DFOeP2XFNfHj7sp5bZnKOCk2KjXwnoTEL2AHCqtB6EQ=","Bl414QJ45uE3S0Fz/v9FNkGrHlnkd8xR61qPVXWjkhg=","Gr6nDD8kPmL9avXWfz0mHMM2DH2MnJ7Rf+T6c02XGjk=","SoEhbVejqh4toywZ5RjocPyc+ClnbpfJqiJPVlOQ3r8=","WyxJYVFlcDrvRw7EovZoGM5leC43BpA+MAUWbVSjRL4=","uUKNFkBKbTyaQnfPYyqN1MfF3JIT/YadNctL+OxZdKI=","VhpQauIIO/RMb925/MwwhKtIyys4xTijKWKGFF721ys=","bcU7MLdDY0CfQGTJrqs5bB+9b1vN0VeeS5Y9kVf/cZI=","PS5KiTBQ+mxw4/157pzY9GYE8owTuAwD5McCkTZN2gE=","D1R2aPPqUpeeIy6vRH7F/Vjl5A0OKDXNtRVl91EWIkA=","LaIrYXArhq7EWfdnD6H51j6QoGcTU7pLcIPTK24GSwY=","FsKpfx/CW3N2tm89hyP4pAu9eADiW3302oLZquP7xxI=","MapWzrisPHO6/XuT39WuIl5mo46ESubsms5RU5Y22Ec=","clHXg1ffL1XSwxPI+EX0c01lSXAOde1s8TFL6nnAue0=","cOkiQXZ4jMTp6GjnHjwE9rg8DAgWS3t52LzZpnEkwwI=","+/CTa7uvu7jXlbSyqbpJKhWeaERSDyJ3e61ZGX3UwFw=","AGT8Cd6WMjLyycO+q8i+IChm6wrHQ3u1wuAKenCyFU0=","NIeMEDPaQtQaqGzdwsrcG/o7/ZBkKhp7RqzMFTC7ZY0=","mVC6rE1i691ujCid5BCSnpRmkUp3AB/rKkIimijOqIA=","PpVU2onpNmlP159ljQNxmv709uPLoF1o6VipZNPRZZo=","Q+1mtgybUW80uqhxRgh6FMqFC/l9s/YLbgMr3WNpEoI=","7HMv/3g2YF3J9eDRGiPH9GV966F2BlNJZVeDmhuZz3o=","lD0RJF8sA8CKCafziZCsEc8Y7WM6jx+H74d455es4uU=","7JekCOqluGiOKn7dIxiHyWDqeqWAPtmRU7/kaHPd6xY=","YQXlcrqyjipOvCJqdd9tgFK0xGnHGZmW9nPMIkmVjHU=","0pvULT8ROH69RM1C/vVdaSJZ3YuxivtwNy18uDSkyFI=","vUyz0nUSxbi9zug/AcN9UoS8uTnpvztA6p4fVhM5RA0=","Y2gpM2sMnvJbmCAA6VWi7E8Jlq6ftLevy3NMuW1iUZc=","8aCFfqZa9G9fhOyxgIlNk1z9qMobhhRZabXRf1KUWLM=","eBMCtqXfhQWOSKeH13X0c5PTWgbQNF10aLeK/Oz9fLw=","N9hcdl/lvOaBK7YrpMeuz/oYr7KU69oLEL1P7Wim//U=","DTKZGW4rWTCG8At7w1SUi9bZolZ9GX/vkT4b90LguCk=","5W6b0fVV0ELcct7VSfXctgyJLBQfXsRUcRZiNazDz3A=","zXqhzwKfcY2e6wg3HtioXnUYwieIPwB84W0LLBMNOXs=","7JbZYwdLa54Ho1Qrgo4tUOcGRuPvoJftw2H2CmfnCcs=","wm1tonbsNr+wuEvQSbZQFAGhpelf30dRMF5xFVlrKZo=","0IDa0FYMSSdjDwKUO7Zp0xTtgFg9X5zkuaTYPoo8CcE=","5lxgi0ufpktXLqeWPqa4MjhjG4Pv+D+uGAkSPGua7V8=","yW0q0/FSmipasW4PqKfB95CpEEcSbCYfPJdNYqTZLc8=","JrX/rLgqK/1hY8DQeqinoFJvWwdHJ+SazZkbrCeI+gk=","ZQiRy4jjcMzNGlBxAaXBejAUY4PczVtamtYcSWqsFPo=","f1nGa0M4xDECL8KT/zGbQ6g4qauPD9HE1pqA74ghpLk=","2nNZctpytjXOtQZ/BQRfFTzOHM+DQyBAhAomvCQQsUQ=","4q46wQ18JUP3AfXCnEERPqbwXjv/In9vsn74K2Katxs=","zHHkjMMHxco3TCfyMMmrE1XhNs/YmuPy1D3sBJ3XP/E=","Z9TopbDd47oqbjP6UTO2V9QoIXC6Ky1GcJ9lrOPDL9I=","UhA95N2HfHVlJsbJIk8a7B2EXbttJKQ805ZazhSG6/I=","KDEfH+0+KtviNpA1SfPn2xrYV8rG36M/meCyk/slIqc=","zQM2YsZFSvm7/sbvqh+vy7Qg6UcZuCgekpr7QTYkR4k=","5B/q/TlS2b7cEznPoibRIv4BHL+KIWwdOPsdLyCFmME=","IvxuXilJ8WOJiExJlCmCq0EbnC6Wem3k2Ex9CBCAKKk=","meLb0G5vq5T85OSHe3+Y5nPrUJ97ICJxK1Pn02+851M=","Fem2WwQb27WU++AS+dETTmhaqxjlB6YogySxqDL6PsU=","/hKFmHAFX7vV9Dp4BXxlL5nFZS1z++b9FCBseSimoQo=","ZS20H4Q1id9UFOkKLHZYCDiEzZXT9EcLghyd8uI8xyE=","8/pLPLlpDwklCFTfz/G0LmAlUa6tDERS82GzLBPh04M=","72Vh9eocsX5Bw0EgXDltzHh6+sTSFGxf7J4Cn5X7z6w=","vRqObbmuC2BMl/RfeMR7HolyCBQxUuhJjtwAops5TeE=","N/0RifRTuRoP3ccSIN7WcbaC31cDUv4YS0e8PWZSkPs=","BTWq/eORVYeHBowDAsR6f8i9Yg/FcMynJRwgvg0dLH8=","BHC7Pomz89MmwMSUGMfxmIRRw/s4TzZknT16v3gCADY=","k9pcwPmZhTaPyr1I8MxXemvtW/d6gewdIDmTlPF2RCo=","2Rc3LNbhB8euNVEt3BiZYuD/bZ+5xjIhQqNh16iktgE=","PuY++/YvRm5jjdhSAbsLWcfgCdkGS+Zz0ZOPPWmimGU=","KNXWYk9uV97iGSNI7YaSzIhstx30AZffOtwVDAnvGRA=","/vRZozOBhGzNZBkcoXpqGp4OSPoOv6aJmjvR7ZY6GUc=","BwMjfWztfPA62u4MUTapjR3SQKREtfVa4lSekrEPDK8=","9pPdeCGUvh80HGz0xfJ4t7ebMQN4C/8z5A5gB0+ST4s=","Bsrvm7ddVXJHrrhMpkWxFb1O6+eqbq346wvziHZ55LY=","I+pxCa0LbsxXl4xSA4H6dfhKly+GCY4bCV1y9HnqLVA=","bIdNC22d9lZvwDOY1+E6SooKDFJ4Yj8PDiA4WGOyXGU=","Xtg7tWGbm83jPSGuo4dWuRPXtKf4nfkt9S84AL3zo78=","oQ4QS1coGNGscB4GFNUWl5zC0ALMg4STkdreeVq60aY=","sKIFMAupIxMqaZ1jILWW8Xt5gUNIcaoKMjoJ6eRrqTc=","hg8N+tngzQK33dPJdH2JeDR2wbMpmgOwU5nuWDQhHzI=","orviVzrUjzxXRWiKprrJKjUUt42n15eNdRvJNPhlED4=","sLDLFsoveyLse5w3HLiHnFhspP+nJWMs+NSpOVVA8Wc=","DdkGyveKv5ITBGXJLxHYh7N8j2R9KbLsfXgKv7W/r60=","ZI/GQYafqRRIZEhjETsUUE0/huDehjiDtvbn+FHpb/8=","zdvgYb4PXlFfkLUtN2JWtHcafVjRB+MXDGhzqEKGvG0=","3IvDbDF2uiZxdT+8ym6rNsMX4V7fKP+CfTFjJgGtx2c=","z6g15yu4jFyuUESelE51dlE66vW2/lAFfaH55uDT/8E=","QpWgHNQgEBPoJc3qiB+rSYpaTNyfZiix542dydFZZVE=","HZ3sNgXMvgv+lzhX1BD7sJRzTpGLqBwrxbCL0thLSAc=","L7LuDjgB6lWbMjCyxbiUgXEF0hoxeK3IVdq/tCsAZF0=","1E+zw7ly/nRa0d9dFlGV4dCa0bfJUI4Dw27jvNpk/eo=","FLOVPPJm3hvXJ+gbKsRcx4eDzkrkwARbTQClSiHzVAY=","YiK+rSpXoeO+gpZilkvm6rIU0RbOmzhXGhHVcLgNoIY=","Ko6HJp+sEspHkNTz+I8CHsCTacUFwBq9MHltkyI4ebI=","CmAtgMskxOMNB2Pp3T0MpZYr6kR9Ui5CAP9jhRZVkTE=","szXjUnlAtt+SBTjXtgqHmRiv4ivb9YoOZkPNA/JjOh0=","aFYXsHR/nXSaP9uipya1iqqaoEUW32AVTtBe5xn8C6A=","Yn0ZGiREB9dlhwRO4sArwSdsJ6fjXeYxMeTgQ3ft6mY=","+Sbd9je/W7CrTS3WfHZidxi5GkrSmctFizDIYMa0GU4=","lxB6QDQ3aIhbLhJ9fmewL1MjIXslJELC1NiyzdhlMmo=","Vh3/1TnGawvX6ue9V+sVJuENWHiIcdXtadA56gveYKk=","lNbyrSj3mf2Pv1l+dlfovR/1khUBGy4jyJuBMLkV2zk=","fm9Ibsw1fPFbSGsweE9Te7zF96fRzZWTL7XnckFIOJ4=","6svw7ZIqVtG0y0fONCwabmCSy6QP1GIboxLy4fl43+4=","DSJDek2DUW/IbR/dMsyelj/LAHmXeabmI2Ww0R3CXGQ=","vdV7mDBPhk91yL59Ds91C93O6v44CLR+L5jfLx/b5sk=","rjPOngSP/MHe0lPzR9csvTjO49YirPUUhdTjIrc1tt8=","Zqmyzb/u2oA3fiNOkGLKjs/bLsE3ZcT00S50kL7ndm8=","H4OhrtBCrM5Zpw39iSYKGGaIj+qdRaXuHxKC7mDGYz0=","1hPu+eyBW28j1RrhnQBhNT60QGpwBdSbvZx7SPaomQo=","hzHHfvTSDO7eVNTl/POWd9RYEf6AO1Nf19ps3kNEo0A=","3rzIhfn67v00VbweOZ+mqgMCYYmdrMeV4jbg50O7swY=","uSZX50Jo2AQ418RQlIApkcNYuRFdgM01cRgJkjcX350=","+2XlDlVDX6rsd1hCDkI3Nm4OjOpqLwVXJ+LN+56F+ho=","JVd6V5dr48PZRMBfk2m1815DhGznSjXmgrpXFt+OZhM=","w1lkGFN0PLOuqllsRDfHSi0TLsGTN5b7E3koBw+zbqk=","7YqnHnooEdH7XtINRoecm4fvVAQhV+ZYjfkUWPSJAZs=","FUjCBjTMQqKqCjysslnJzVjbL6t8roHZcZBnzJdQCto=","Dhwh6vWUrb9AKaCgEMEIiw9XFI7fBYmTfa4DS9JosGM=","uJNIT1h7JFKdW/SnFd9Ua6J1IyFFh2dpC+auacR9YGM="],"block_size":4096,"path":"assets/thirdparties/easylist-downloads.adblockplus.org/easylist.txt"},{"block_hashes":["Il0VXeO0xJsog5l5fHEteYA+6RdZoo291j6bKlN17+g=","P5I/Lu0QCLn0tcBVB2NfqcBO/5XOOrsp0CrFzOUwfDQ=","I8LPIxgbuLrW1ltYMHbA6NKq/PGnR3jPeW+ruDSrz/o=","gsEKcwbUvhxMH+CnRryu9xSdFe0CCq4KA6FEz3q/G00=","G7SVNDarNtVRjwo+dnygRn5/5l16wRCnX+ldK3nAPmc=","d5WNA9Yj57qBFlkDV2unXQGM6YDxzckhRa1EEl9HZZU=","znnCJ7vktpMkl4Ba1JJpv2VHWK9ioiT93QRortsC484=","Y8hW5AEfOAUPb1VLBFT3Ibijan+rRylLRlDFsToWOv8=","bkvC5ByHGiUVZt0YO1Xiiuluin9umhWiOBOBpu+ybpo=","QCC6Rik89FZ12xi3XQqa1tu5X/FS+oH3P35APu5Rgxo=","WUQMBZA5ALhietKmXF03r3hphU5rU198bUhPUqjfySQ=","dHOlOO1hG0QYMbx/D5idxECihqE0o7lsvbi7mZ5EhEw=","qgy6a02oCFVybXlgGBxD1+p+RrMRq/F4rc1GifAELCo=","AyGdM41E/lME5gAlKjPfBCHFoco54vkUSHiX0F1UnYk=","lH2y8Z/CBa+Lzw/LhOuQf+it1vpzfl9YlmckvTen2lY=","9XYmaF0YmsWzSEALB6is8U4tuoXaFxaswnLV1ABjxy4=","S/NxKV1PIRrZTPKZY4QGj1Tcj+wwgYa/zKDplqXH7ww=","COXgllQKq1331NvkX4ucHysydSR2fuv9aEA0lXo05dY=","OZcuyoegCHm3rb9X0UOgb4JzZcQSv8++SWDx4ylIjD4=","pIxEM3VrJ3/VZ68kpoWFD4nIPfNdAH4c7DTCZ5tPQ+U=","voqlRoccAEqD1DqpLebyh0C170NQ64tlfitAQoxsg7s=","WXEjgNchcK3nmGX/spATRO3Q6XJ1+1jm/h2RqimxIjY=","ovDnTDDMsOfng/x9yMqHQywSvz8OprWgRUwsimGL4DA=","x8aTC36KZv7I7ZrL1TxZnRpoSFOdQLtPQFMKeORtWfM=","fpolabbm7y4AnngRUoU4xtNqPkOpL5WX3Z3mn35NOiE=","RAax4f1YYJ3QqJwXx8kvd9VeTWjpDSI65lqLxsxCMi8=","v7yShymtcZGAdcN0I2WY8/86BXiE5RdCDAQOAWMufoU=","uAolkcm5IPyNPEjvIHYnsj5xtaFVczqvBcQorpdcIl8=","5fQnl+HvIHT+OWx9Og//uGB9YxJpdcVcf1iFtWOkZmM=","PGc9Aedwq0zroU5ynuUsxqmQaVCnQy3jD3yqntyJy8Q=","KpTuUyjjeiKuvk4m0Cr4RWlciWNLGG9h46pOY7H4YoQ=","eQR5Yewbk6yV+JiOvKPncguzteu31qhpsTQ7e0A8UlE=","V8EAw0snn9F47i5vJhq+wBx4GNteLjOFYejqzHsh1ZY=","RoA2nl/339gIekUpxIb7GU9ROMsXvfXa3uk3y/TvuTo=","wziF/Wr3pxdkR87plrcm84JKkdBkaeJ1XFOS924MIiE=","O4D65RpW4RAQ2DLEKio8BKVU3/oxyMx5AIu8DsQ0XKI=","foXH6MNnuDgVAPe9BXxr5tcmVz3Y87vgKph0mGsQjnE=","oFdcZIg6uvW4ZxsP/l13ZBIKEC+rM2ASuJDcgiLuiX0=","RmNE5BjLaqNoU7WWxtb2pcls46NkrxcoCPI6MKOJShs=","SBfsziP17lHmMyH7mmXWY/AZUXk47FIumIN0J5uWOdI=","LEjMso3svVNkSCWtbdRZ0DDLV4Q+66/fvjULOFr6i4E=","UwV57z+ZmZPzC7s7bDUaE7QyEtB5pbVrLUnuF4XCulo=","LCvb3ibSJFm5p5lYwHuLdQoViP/dL0R8HUoApsm39IY=","xMAsZUG1nRUsl0PomIb3XtOmYGEXBrnCCketR0dh25Q=","C7pLTsmccipK5oXARY4Jghn/JJMghi+hYpMwGElYM00=","QKaxv+Sq42k5sHqjma3yJ3n8phSdTW9UYkI8nuXPQD8=","qzVIpr0Sfo1FS5IEjJWZ/TnH2xQECkmD9qB5MPnyLmg=","+aus2IwM2UixcQYo3gmHqkISzKggjotubgu/J34TrCM=","pyjUX/VSoWe4rYo6mL+1yv2ysVpLc6FHLU67U+At9yA=","LdelqkwfP/APUfmEjFffTB79qnw2u0ZobjzO/ij9eyU=","pXZHIr4m0rwVB6Hkwr/B0zPEBlzI4gywtdlnDf4mqbA=","oSH+c/r0xs/i3ejJvnO9JYxVCYLe/OIUt5LrcDIl5xk=","XSW3D0VOvCtjerQBzmtgOJN+v1zYE1yPFkZL4BM73rw=","5RRpgz2Q4tN74J4csAelX746UuLeJV5uWG7jrzxsGQw=","VfG6kJC7/cR8LvC8YauFPt+A3XF2et5p/PAhoM/ISqM=","N9Us/mZAIgow0PKos5ws8wTgGQvvc2mt1WcsD73MDrU=","UHA75k3+HiYk/z+AcUv+Nq/asCpnh8DICivHWqldqT4=","yuSfCJDJoCR/f8MDoGyuR5fUN5JA4k2qjByJuG3tmzU=","PacYClMf0aSoawULWdkfaszR7qkbPHEvg6ui07NExmk=","ffxQ2c7pe29c09h0C12AkH9b6apaTctN+pp6nDe36dQ=","hktNB8sshIGtvpltRxF8xJ1HHnG55NuEko9pWfA5EBU=","hfbbBUgEz0s4wzu+alT7r461bFIvFmvn5HNWLr3xUhM=","JMydoALUzgYTUcOUYY/VJQt1cD+c9FOMsaP1c7Vb2pM=","Q3kIoNs49celWCKd3Xe9OSr9WalZzDvTHUlZkg4QlLQ=","U4Sxe/bI5FNyfGBUxHRCM7qQXvjfD/7SqEWbfwhBuzI=","5kvE42zSc6MrhyMJngLCSNFuN0ueK14MchpEiRO2/wA=","TkBk/PZdLisjKhd3dSEsXVaN5ZWIsEFZx9qIzN6K1rE=","ljIKzNJSpD9MWJws2zJzfN7XUXI69V2+4SByskykrBw=","XyD4A7X+3y5ZgHHszVtN23GuEmWbK6I1BUefdmktKN4=","J0fws0OzLMulNuwPNZMoWvLx0zcFHE7x7tCY7tIZX8c=","hjQp7XRqEfHuezjk6keMMK+nOCkPDlxjZYlHLMahD3Y=","QJc3pqVGrKcs2Z0K+6l9vvLORELMU0+FRiTxwoy9cUo=","kPk0vvk2Xk0KWQgJT+U0rTHl7X1sV800JJpRx69CLFc=","isXm7lwQfgYf7SUFK8dE69Hje4Fk+Q3zvy7pYC5nKns=","J7WovMWFrk0mlz7030Iffz7t0QpIznR7WsbAvYCbRtc=","StePeEGzCUPh5GveCkO+xymhzKVfzNmVgM1+DIOzqog="],"block_size":4096,"path":"assets/thirdparties/easylist-downloads.adblockplus.org/easyprivacy.txt"},{"block_hashes":["z0E563W6WEQoI+yfV3axNLDWqeFyoHr2GXga3fW3liQ="],"block_size":4096,"path":"assets/thirdparties/mirror1.malwaredomains.com/files/README.md"},{"block_hashes":["W7flXTQdHoa2/e3OO56AYUpAKqMPaLkcbAh/n1jafx8=","rxdu43zhmHomAOQxRdyS9XP78Z/tnoWkqLDdIUGnKFM=","6smR8FqDM9P88ioZe3yPMRkayuRSh0NHm2zRwMFWlSg=","k1xdQwkLF+sNO0kEAC3g0c3a1SM6Ku1RIGTC2iRZ1Rs=","klWQwVHFtmBr0QhROGP5s/u6hY1jhsvLgysv6Cfqf+s=","JSlbUzUkvCnuxzJyHYj+rQXRdC6svRMEjCHu2U6HSak=","Zd4SUqxjQgc5K3jiFI8wPMvrFMfTUXrgsxDI+5/pAbE=","l94pXswo4wnemWEkMjqHnyJ3fISGvejMtlbTQ6zXBfA=","hk21Ah6WOZZICZuSk009JLdnpiEpq8abGyCghC1sn0Q=","/o/L6EGYZMl/A4sEUzKcHkxxNvMiBvIBHOypNs9c5PM=","JEgrpMdsJOyqwNPumHqNLYWgmQ2aERQTtjQ7C1ELzzQ=","/Ewl7xUdk6alKQeaJF6OHSdhvCfhq2ZKaJQ54f3CeXI=","ZuKh7JFoMzSV2T1oVclPznaZ871WmEWtIjYIvicmyWk=","UCqv49pa5N32XAHSv2JJZGprVXTWJ11vPrEc3fCzSj4=","jpyfwSpEvAgx1WXKXjJXiVHYxh3NtEJ1rJfpvg+F4S0=","8tdEBcbuYkkDv7Uf5alzuyVpfnLwpicTU+kjB+T/ehg=","AwIsfVIoka+fbcm+5M/BREAvfpbBQw7LE7RIPe2gVPE=","DMYb3ZZE9u8JQbPSdIoppfI54utPQsx5++GNez5Cq+w=","NMqo0cAEEHwlXyPr7L4+n5ljnvjMDSTfN+WshcfvYQ0=","qf/jsDCSMZntjPPdAkJ+p2aVhhN05NM574Lapl9Zu9A=","WEVixce5nTlWnEQpqoxbl+Vx3A1TcHUpcZcqTihIthI=","JT00xzwfSINx8gX9rRls7zpo8OxC9xAMDsQc6ZsGHx0=","8Eq0FC7+eK5UwZW5icWD8jFcgbOfx/BfWLrE4nSirCs=","FMJkRkUpAdl3Bwrtq5YC/S0+NhD/EYn0R7O6Rvfti/k=","/mN3acCwR1JBUkILUdRL3z5Ptqboy6JBQfSt4UCr2QA=","+Di1DDn3nhwxs9m7d3oSZnXxYvNBZtZVtunrrEEJL3U=","f++QyVkCqlB5RnB4LNNhcPmR+051FaihtIcDsUGle4Y=","yoq0UKHJMNO8DQThDttxJrolZJdZ6uXjyFs+bVy+iNw=","z1QdUZE/y0VuBzIDGfXx9rq5HQ86BDTBk/Ch6NOFxUs=","xLblmkZnDX5nfdEfJSO1YuaQFZJbnzrJjfoHOrq5oBk=","jZrAaJnGPIAy2ZjRVJl928o3BUakPFEFI0VKSHny5Hw=","CU729KZve0ZbwaA1jkMJgFADyGmYBbodwhDjnhY0oh4=","JUccZ+bXnJc/sRfV90cD+gBgQ6z/QieF8+YNQAlUNDk=","DRZqCscQl7hcY0zLMEt/bZE8wMGwNM2+CCykwCqHvAQ=","+ZoF3zc+lL7NaemqtrzmFlWFc+Z77Y/6oGWpNVAhD14=","hKRaKrXyqszlK53Cf3sXTF/Gb6Qt6CE2RrIqpFhEkco=","tn9TmCakS+fXuB/Nd8aZ/mmMMMJoL2FIftBrpCXcIRI=","tTs1DnIV7screvN3/lBSRBxFK6+MgcLhX18rZWBZ5bk=","b7lJ53YUTA43IYsmlqq38RgnqVSRrXgCkY5h4R9hLI8=","T97BfXDjLBLNLcLadHWe9SzjywhCRkOFMp58GocQmas=","0icDBjM9AtY1UC3aPZWeo/8q9TewLLuUVqxr9BTKWWE=","KMnuI4QxKTOcsjRrbDX2GW36SB4DNrraBaSEeb0wEqQ=","Nvf8MGLi9kDcDX/w6MwpZM+oinbhgW80zd+VubjczeE=","0IFlNILjIMhqSG+1Ykq6e940Dtw66v96EdMyySDJWzA=","waSTrNgbsFURgfTYVHE88nOzy6N6n+McslL3o35KYVg=","Oi82qeILrFUo7NVZsEqwhmO2h9/TEHQ1ZTCEj4Jp6cs=","O8C2Xnd2Yxs2RbIDajXn8tk+vBi2HzLaHyudzTpVDGw=","vrVXXlW66xo6WtuJK/9XUN40lJVY5ULMBVgSrtSR03A=","l3ja8LMdqDU1qKYPofZyRcGBCXbu+mm/kaFdeMR/lTQ=","9SGpSsAuvxUFOo7IsrNV3Zz2ruzRsc+me4vHmzus02A=","x+N07HsKVvfgFDTFW4D6sBJxTCLPXy5+v9M3rVS4IV8=","Y1SLRPANl7S6XoY1mTsdkGn3KUrQ6QiO3xw5LHctMTY=","9Sy19eMTJbeJw55pBZcS0561SNAYt6uGjIfpMRNf47M=","UV+xOAMNFWWHOZjGYnOtBj40uXOCs10MavyszFWFs5k=","iNEkQ+xwsVoTt6qjlDBj9FH6jxYsudJo8OjQt/cAFzc=","HsARyQzmjKGAYATaP/lzRHt5bv3jkxZe/Gba6mj9rA8=","HbQFUAhbwPBta+4Dw1zu/B0IJxYOt+r/Z50X08mCEwU=","de6ZBeN6OGGi2LJekzSkkpzEgvaaqt1BMleM/i/s+wk=","Y7yoR8AFf05iX6VNI1aySRWSeyg9kCcgafyprzX2TIQ=","1JkSKNoPbrAoe1eu2vklhkzwEgBNgPW3DcoX3j5MM1U=","BtCVDk92QtDr5RsS1efGgZCEaa80wNJp0JDVTmUHyY0=","2a8iEkYX7rgv/v7nyzJtX+A5sJnVgvHj5bhHrO0Bk8A=","c/yRbDZg3akePkrrOLuyGznPCl7clzZEUwuDATj924s=","8ioT5gBugBiHNMVFQh5SLIcENhhSLPEzc15fe9T18a8=","LYzktGi0qMUa9cH+eqRmK+IWtDY82sdmzex1EtgF4so=","EnVu3ZXhdn6RvaU3B8rFzb8sdEBi5SuTJSbQG56yNP8=","ZSi4icIk+/cHuIU9lwaNtb8KH+wEhAIl22V/jzfD77Y=","vEpkT2aWsAQdfqbi+oiOPCdzmrFTSB6eSLc489MgsRQ=","4kmvFLtUH4rEz7onfcxYgec0/I8l99rOYQAWfOgDzPo=","qyjGyQttluXueBXXtXz3cNjN7qDUCZ+O5W06UVOegL4=","4bchkXCp1LbSALDhRXguc90RY6L7RzggShIiS6pBz5E=","RzAKGgQmGtGDmn9uD8X0XHt8h9N37jhnHPQFBbT0dFI=","u99K1vAzPijXsMC5ZseiKN+rWfhhOaQMDG5ZAKpNMSE=","slAD24R5yfwdN3Bid5zdOOpkXP8N12Amn5eAR4Ouabg=","TmVZva8qUltV+zkdhJuQojZspkEzXp2St4O7LtNjuks=","3TkCIkZUOju2+sljuOH3JWZkGmmFv/9X1RJBRE21evs=","eP/j23/olgAGAmJW1O1TGiE4UUcel/EX7EeMtboNijg=","yWILfYOETDLt9pMpbrI4B2iZjrbPHYm/A2TnhOxGd+4=","xFPLvUsLbVhJ/3GEZVpToVev1itVnmjg1dZ9mY6W88I=","oNJep/RvAczrQNbMrRhZvTnPa73VCL9YunfCDYkR5qg=","Yl7jh5dmdLTYUCa+wwj3PbNLNxzQ44x3o59YoV6OUmw=","EAL2dg5wGBVjRLZIJ3wfcOywBY4zBTQV9ArFHcu7I6k=","DMrunlR/UtBav96rdwNzuOQk5rpXoVxiVKtjPu9hFXo=","CktrXWA3JnkXeZYYItWm9szZwCHq/GsQF1TIO89BZdA=","pwZl/W4FylOBdZVr1DNUFfkQh8gHHoiuIWI+xuHQ0s4=","lIfDgxQgWw95rtCVXQpgI9nRlJhccEDbtt0KCyLRKYM=","ZOeKp99Y7XkI1SimmvcoyEycHVqpLR8r4/lzBCro8aA="],"block_size":4096,"path":"assets/thirdparties/mirror1.malwaredomains.com/files/justdomains"},{"block_hashes":["m/Of4Zn63w6GivUywCfZ4WeBWhe/EVjNqKDZnUFxw4s="],"block_size":4096,"path":"assets/thirdparties/pgl.yoyo.org/as/README.md"},{"block_hashes":["7mwITHknSxR1WDT8GJbZxTj7ZG9cEos61zzmnuE1m0k=","BJqV0qAgOBtujK5ycNCRil8OcJqVFEdSxgG6brjr8j8=","x7Rwn5QUfcR/pe8SiVwai10w5cASbsmybEWUBytomMQ=","Vi12M6fPr8NMhPmGa6gr2S6wuB988t8slDp0jRLrk1U=","HgtzH+a0kiX8+pPXI/niHdDTaVIP3k+bLk+xhN4aQ/8=","Ym8EWFTfRFjZ5c++Idgj9omaZ04Qn8y5IYuOpH3tE4U=","AJD8bKNgLPYkdBgF5yU0FCvkhixXcN54HuF9USx1vh4=","htVKwR+aEN/xvxFywYCusHAbdob1aVoTnUK0uGFvNaY=","iDf+QEhWR7zTIHuL68HbAJpbVShZw0SMRIOWkXzXdGo=","2swvoZBXRaKokEcqEw+zNBOL7sBtJOxfNlM/iHD/dn8=","yAyd1cL8x5iFXqPp1Lja7/j2TtyNnSHdfewFNnpkEMg=","ibZu9WOKEARTr65BzvMu/n9oZjcA3kROckj6DxToHjI=","0ahRoviUYmsEo003Y8jwoBF7cHPXaVLjwFcam43Z9GA=","nzhlrMrFFJzGUTd1sIplWDix5xF9VuZxZIACoGkTj40=","sj7b9mpz3lpXZgAT61R9Um2HLRzmoyYyGSRbUJxdN7I=","fkC4EGn8a5IMoj/LzW4V1tvYcgMUbT5eAsW488U2NRM="],"block_size":4096,"path":"assets/thirdparties/pgl.yoyo.org/as/serverlist"},{"block_hashes":["9xgU3V6Mz1jpZfjKosyPNPA6w7yj3mNWawG4a0uv9es=","v/Z/FVuonIldpIEKcEmFDXl2SoSVycgGlFPaOJJ9K18=","VqaY8/LTGihaRli1QaV8dkecXd9yDdlHqTGrM2ridrk=","+zb3Lv0tMkt89f5jYyxu2JBcBvdfUdK4keUOYkgWPY4=","DamGf8LUCwlUznpEQjog1eigGcDtQz2mAoJF9r5ZN80=","Nep2ol6bykZWDH7+qdCsVhR6e8GRtApnbsdcAGEwx1s=","d9yCgLcaH8B0hShei6Qcwe0hUKhVikELgOMu3Xtssoo=","zFdmG9az6cWjeG9T+brYecnMqJGnbalLlYxEyZkNK/I=","ZenG5m5VpKY8TDYuqnE83LUh7gxVS9PEWf7uOnAftso=","/HbgYEIOVyQK+KdHDuTCbPFNh9uNKvluNBknFiRaB0o=","nzdkb0Z+jb9TDmuLQtJuoJC11xidBJipvD6jjo7c7Cw=","LQCNGf0SomKtVRHsO7GMGCeFXw8Ysi6Ib3Z0N3CKRsI=","NTcXDG527Bp3wrosYAZ6orXp1slMRkJZwUp7vyARmaI=","k0cTrmqauAVU5VsbA918T3DkNidHTrqvwE6KJevBmiE=","AinELqOjakQMZoXrSkZTRYs6ntkMtZGlwG0Q7w5z6Kw=","v4LETNBXk1ARZMFthbEONibxDaTlwdpLhyqa7UUlszE=","rAe2ly9F45eDO4FYFG/QFiXGL4EGHuzFVDefpBndFkc=","+4rgBYGXlFLx/6Pbmzr3H63N6pTGTVfEY+U+g4lWy7Q=","M3rEZj8iE5grGMy5cmRLA0m/2WeB6CUQqLOME4Zxibk=","S3p41xTKCZTBWxMMaAso2xygpZIv16XMWFvJGnPT200=","ASuYnc2VjDkCK2YfLIqEVhkGxTuLGV/TQiKzG4UbcRE=","yo8OgRL/1XYN/me1iFoTqkO3wn56YcIZDuj0C9hUEF8=","F5B7TMM7Kahhrr0JChhFVqL/0Njh7CsmySPnGQRkQYE=","fdAKApVVsu3Z8DGkD7lngmoUhL4n/rFYOGhitq8kk/g=","J2gWgVqiDIglc0k/Kw1UJj2CJdZmgeB+K+LXdyDF9wk=","2MsxMndfwYKgzVS6T0UsLu4AP7yanGc/lMte46PoIT0=","rPekTls/AGhd9bIz8xwpZ2624znPMEW72FOPtaGeGwc=","9y+pdA1UK0/lErPv2bxuUpN/rgtTOY7WEMwMwsGz5II=","01WP2KP4VE7+ikbOQGEvh5tc6xssCnZLcNsJT2FmPco=","8mdOVCDq/lndx2DL26X8xEexuIBcg08ePwMGsq9ma5U=","a61oPEB4X4CkajFeaky/j6QqPDIKwTbs68mPDQ/yzOI=","Q/DgK018ceCsWlRWdvb9GaiJS5MGwuGYaAZwmYvpg1s=","s6j48Cij72f+BMdu1n5yiVmWLNpbPgMSuGSP+NDdmg4=","hNIVEiZEFzWvluKKgs0xZFvCclZkdVEv8Cpvu+TnqOA=","fQg/4tWfvVDJ96RpoL5eVPzKKNcoeuVB5npr4XIRC8Y=","1gf6esungoIYqrpI7m5o/npHgAdkHLp1rCCFsIK/Hig=","u1lJQOqjCOihj4YWqUUb6Js5F9w+Z7MtqztxZ5eYNHQ=","Tge5xd0omsbWmVgkGlZ/VH7dyLj7Vcg36hmvKxy28l8=","Wvw/uQrxMizOnLQqdfiXT8MHDU/xLzlOe+iO9ClhZ6I=","jj0v6fxtC9T6uUMVHWsQZ/ZoIxKTqn5u04/MkDg18xE=","DFeJrtyxyjqbS1Gf4AKIIHCaK9D1dZYBXqMlrBYiPlA=","8bfGfKNZXB50uGfRwk+oaWSONIx3RhV5xuw3qgC4XVw=","ZESwvXaU1neVDBm4hLapK9BHB4wreI9rVKvF6HsByGg=","UDiQknwameXR8/9vA/HdKsVaKjGUSN75PapIJAFXyFE=","cvj7mVt9+NPTAeP+ECkoq38FCKt8KT53kYHIh+rzBmE="],"block_size":4096,"path":"assets/thirdparties/publicsuffix.org/list/effective_tld_names.dat"},{"block_hashes":["vSDm5zHZQ+Han1q8WZductI/mJybJr62sRrqcgaAfsY="],"block_size":4096,"path":"assets/thirdparties/www.malwaredomainlist.com/hostslist/README.md"},{"block_hashes":["6xd9CdRwoeLpRgyDwxd9EeyNdoMI+oWYHqryHK2D3sA=","NHwkMCmcTCoQh6x9O05ZtmW+Op+0ImabugdZM6AnAnk=","lQM/CbA7svIegrSEeb/CWEAsJ5i6Ta32DKhqOk0xyYE=","BufMYIcRIro7OlO7osbsLcEAjsxDrAxCrukQ322hUrk=","CQe8CP5P3qMucXKehqSzV/ljPFtU8Q4dBpMtHlgXkPM=","QqrPRQhM8ZNNjpsKLIEEFBhBgyjqO0nbbITJD7IlYPE=","MEuJAjGHAf4lmCCmy5ScagMUluCtTt1pMmwfTGOTGgI=","Z+U411o11rBte6iW/aWdFROJFyLwZOxkyxYhC3EnouA=","sv8JZs/fopd52mtAykNVa69mKDfc0AAa9ea6sOqMuv8=","w2+4WXdMcvECGzGinNZOCFpk2l8Mn51sM//sslXS6LM=","spW+0GmGi5r+tjmlC3X29VkVsxffH0uPl7KjkQEMf+M=","C3ymPM3bvzUYWw8nWCLiwS71nGQI1GW7RezmZtOj3X0="],"block_size":4096,"path":"assets/thirdparties/www.malwaredomainlist.com/hostslist/hosts.txt"},{"block_hashes":["OJKUu+DmrQKJROLszAWKA0eBy68izGOp7uTfhMFrBRs="],"block_size":4096,"path":"assets/ublock/badware.txt"},{"block_hashes":["ZXlnXFBKlvq/RJuXjJ9sXFcHwtMaulPvUR1MU0ZvrOY="],"block_size":4096,"path":"assets/ublock/experimental.txt"},{"block_hashes":["NyNG4tq/bZy88Iv+T2W/Wvhq5mkCFjyPxPufcdQ9fpo=","kpeIAWxk00/aVamKlgmVY8Ia6pBGD4kv8DMrStrIPXI=","RUiVXqLhJ8rMh0RuK6XKa5HkX+6anMbJxAKbUt7d7tw=","xiMxuNSpseGPBscLUdMjVVgr6A7hi9aL8yarts5IvVM="],"block_size":4096,"path":"assets/ublock/filter-lists.json"},{"block_hashes":["VcmUXi/ZP89t4zL3UeTkFPxiWJgWMbPoax1u7UqxBjU=","t15Tw06NA/fSV5A5HLbKqYfJjRAXSiLjaQ/XOCAr0Zw=","tYD5iJ1CbnaoFYBaFARJxYfqPfu7wbqMSHx6ss+xMoY=","m5bbOJo9lDqrOlaI7PBbkyfk0+xp1bJHcbOXzFqo458=","xwwpR6Li+wKQvCkPpfjM0BB4CMcSPquThhkdm/6Xl5I="],"block_size":4096,"path":"assets/ublock/filters.txt"},{"block_hashes":["MuDu3uBeXbYE55r6yU8uusiTMfSjMECHIcXoMrp1AN8="],"block_size":4096,"path":"assets/ublock/privacy.txt"},{"block_hashes":["SIzPgsghZ+aI8Efr6UPBGxreKYtA+xcpISqGS++QlJI=","I2P14t/lxaQwMxcVj3V5edDWJ4k/zWz8wLoPZo2ZMqE="],"block_size":4096,"path":"assets/ublock/redirect-resources.txt"},{"block_hashes":["k6r93VpZ/Jh84Va9R+aGDPg60zftTloC6hqezgWTqoc="],"block_size":4096,"path":"assets/ublock/redirect.txt"},{"block_hashes":["EWipwlQ7iPgwn6Ld5SyfvZomPktpKLDrRMLuwJYaPN0=","TsskWKX67MiDnp31U45ynMELUzDT3V6qWTG0T0dMCb0=","dg9PW1d2Mwj+fUR9HvYrJa5itVXkb3xGGonSMth+5io=","eF5llIWVBiEImkbXqPQSCdNs7fWUZ967NAerDiTzFmM=","BfDYDVPzXzgXT3NUcW8gNXCJyU0C8MiC2qF4fZLJjro="],"block_size":4096,"path":"assets/ublock/resources.txt"},{"block_hashes":["Bjk0GVd3Ky2k/cjmJRv7TQsQ3CjW271hATbCHjygnlw=","K5UmZ7vKnJhJFqJynkL0SbXYG5Jx5jfIhVp0kd8L6B4=","78CW9pScmXC0/DmBAENYVvdnqILh1zmLazpUntdDKIU="],"block_size":4096,"path":"assets/ublock/unbreak.txt"},{"block_hashes":["aVeqXVFbPvC/2wvO/EYZ0n4DyKOQV0gnRvKUX6ZD8wo="],"block_size":4096,"path":"background.html"},{"block_hashes":["S9uAe0pu/q53gB2jfUnG8tBA4Y9287BM36O5C2PjXYY="],"block_size":4096,"path":"css/1p-filters.css"},{"block_hashes":["z0NGS9gPiHQJ3s/JcELRPzRYb0rweHUOo/2n+z5ZzOU="],"block_size":4096,"path":"css/3p-filters.css"},{"block_hashes":["hrMQeGPzL1O0sUgZhW/5JPXxHBtm7oy8gv1sp0btGjI="],"block_size":4096,"path":"css/about.css"},{"block_hashes":["LqTGp1LvZ2SQyaxX13624cEYlgDxgI4a7YrXg0rrCpM="],"block_size":4096,"path":"css/cloud-ui.css"},{"block_hashes":["DPKalM3cqavy1crxJJN0F4pQq3VQDFaU9UrbZMVmjyQ="],"block_size":4096,"path":"css/common.css"},{"block_hashes":["pYLiKK1KQ2jzdqd7db33dYdR7j+1aVkxtH1TgW09zFU="],"block_size":4096,"path":"css/dashboard-common.css"},{"block_hashes":["D03tztOh3STbPbpCocDq9bJqAZyQpn8wabh4pvhuC6M="],"block_size":4096,"path":"css/dashboard.css"},{"block_hashes":["jUXooYzi4B745XL3nkiiWvpJ9JbHQh246Ww+7THxt8g="],"block_size":4096,"path":"css/dyna-rules.css"},{"block_hashes":["1uh6dhe8v7Zh1/Aw0/SX2jX3bKj7zWte6+SSoLjkiC8=","4xTuUOvDCDwQ2wZ16izokJ92OR/npULg24iYU++fcDU="],"block_size":4096,"path":"css/fonts/OFL.txt"},{"block_hashes":["Y3TvWesKvQYfZRaM83lzdAvBFOUTSa/5vMz/6AfPIJg=","zaKEi4C0pzHbRM0Oo+1b+iyJ0fRQT8it0jk7kDChiic=","s6raGnNc90B+RCJ0iplQWAolK9oiHURVs1DIGyx1msk=","ixxgFCIF3ppzIxyLt3RJ7NKGQ22jjQNs0+k0H4SBDOw=","1OEMm3Ze8nbJdGcjTDTKyA+gi+mYhIL0RKN7k8WcQ+o=","nZMVYbCI18uoVWn6jNjkWNnb9QapRuPmj8DGKPQBQyI=","MSyMNWH3O+0uobtErXP6Ke7u/+30Z3+IPIKhtbLlvRs="],"block_size":4096,"path":"css/fonts/OpenSans-Light-webfont.woff"},{"block_hashes":["oEBG8GPz86oDAiQKbZsgW/9dzTc36T8H02rb0lq3faU=","MrYbfkHyPj0wDd2Bs1gfU9CqbQp/oWDtA5c8LfqCcjI=","kncfb/+VGyxdohluyhoub4h80Orrd9YnfySGTZ3LPWg=","ysEaqnn555uxACV5ugL/KhJr9od+NiodKqFn2wjmJIg=","xu3u4+3HnhXBn/7R8c2edMGTeJsyhhV6shFdR+1kyBM="],"block_size":4096,"path":"css/fonts/OpenSans-Regular-webfont.woff"},{"block_hashes":["qK5lfoRRiLNZDNYyBQykENAHN9zfYvsPJ+dCy8TAcn4=","fmCWJsirXV4ZUbou+sH1Sz1TjRFNAh14oK/Q7GPA9KQ=","yhv+EzZi3tRbZOsSWRWyLfidkSM9efFjqJtYtsHaYzQ=","pMNpTbi2oGYmCDPkWlc3G4mYAlBdFpsdUl6pV9B186M=","t2hnOf1RP1RhQusPqaBiFOghkkC3bIUdyx+VLEE3r1Q="],"block_size":4096,"path":"css/fonts/OpenSans-Semibold-webfont.woff"},{"block_hashes":["H2LPjURDZsBuZxAmYymmB9M0pcaWnx4t8n3v6GpjXWQ=","BFCMNLPCL/njeetAd+QhQ6WFNq5wSEasodvY+apcx4c=","BgGXrVOFvv5pdpviFPi108IQk39MIf2NQ6TIwQW0aX4=","AInPaEg3DUfN2BYPHYmMoq7apw1XWLqfS21fqfsT0so=","/Cp8BH6KbMDNys9ALMdbWJs63sVCUBeLWknCUqogLbE=","RqltsvHawtnV0ERSEOyI3//kniWMU06av8VDS/fozk8=","zgRPhvyJscsEF/nOroGYHQZPfvzMICNRNZAv0tHzsiM=","4uLYdjjXBFkPiVbIk6MKigw0ef0PaWaw4L0CBH/38aE=","00+HDuBjBlZLeXkv84yYrU0seRJd1Tx1iTsF+TquqfI=","NhnARG97afKCDa5yZ28N4yiOsq0lyReIxoUJqIAkubE=","HWu+ZWQAMNAx0VFOiWQCqUcb/l+wVmrSl3M28/AQgEY=","+PVqwc6eL8/oPk4JaAbzwpO5JWxw8foV06yXpNJEVKc=","RawTPoh4TfwkUJpHfjBzLbn+sGDb9c1WSIhew5fmbVQ=","8ShEUtXBiJABVv1D3dl7S7ZZrnmgzj9K37S52wTNeVk=","JKz1jTBSEKH/rrX1PXKnjZc9RThmEQ9OGPvjKDjujok=","Gn8693YAV4pG0xsFiGxEcVH5RNOEEPSqptH9/bUMlvc=","6aCkCdqVs7GhxZ6baYoTYZXvlfMGO6wmH6PwS49RUWk=","OWLVfF7VpHhIrAxoxGT4KbPOAIvqwnQIZyzZzUN9pyY=","lP20j1MpJ2+JGOerh6tdf7C1IAYShOSc61FE1NCMOQ4=","q6iH3MB4WTi5CLtdQbj/x6oCc0RRzCEa5T7F+jJaVeQ=","z/vNADfyGPDpZjLfpKd4cDAXOQ1uf+oUY41HPkrpLls=","NN0u0j7MTXknk8GrCe9LZP6hRsKhsO6gUunnG5vUjmU=","fyyoYB1HmVOa5gd8MEsncmfYFTA7Ddl7M8mVZHj7rjE=","CWaZJafsRO9Xcm6rkKAQVN8DF4RA5Vm01mG498suL7Q=","LaMDekLuOliEpQev6BkaocLdj2+Yj9RVFdjxsTFSQ9U=","6SaMjwJGlH12OQz+PGMkpmf7kI5+twGWxNDIJ2P4sxA=","Ty57UpCK1BmJORSHsumb6FAdqqNr7/cdBALM5mV1UkY=","jt4bz0kIroXPyryzWrL6b73r9Js48AbGw09x9xLTUQU="],"block_size":4096,"path":"css/fonts/fontawesome-webfont.ttf"},{"block_hashes":["bXgm8k4qtEzII/5vrZ0Ww8B8YBTQ8UiQewwLZ5Rp7dw="],"block_size":4096,"path":"css/logger-ui-inspector.css"},{"block_hashes":["7aUpsQi4mZ7tpDSzIs7sOZwoDlS5ATWxeEEFp7lRjVU=","sVuhiSOzRJE3VA0Je6uS+MuLGNXuwfdU/8bZtmemMQc=","D3z56XxJxXz5M5IiTk5ogWf/p0lZIxwiJ0HSVT5ZyeA=","m2C34r8/WnIhGiUqM4zeTP+TYTP1nFVsabDL3JojE4o="],"block_size":4096,"path":"css/logger-ui.css"},{"block_hashes":["QtBsr+poa6q7di4XaUF6A5EHivYw3EVPqtTNa3lwBso=","CegasNetYtiemUGxNL11rmoN154JbXR7zDp3B6kVEXA=","7iykfLAk9EdfljgwTEBLJFvxq0ALCmx2krHJHLoD/wM="],"block_size":4096,"path":"css/popup.css"},{"block_hashes":["Z7pfDhGqFGu1mkEMyThwUJ6YwQSfIen35jnPdWE/bhE="],"block_size":4096,"path":"css/settings.css"},{"block_hashes":["AhsnZIPTFxzAmbfK5n8c2ppkUTV8a2Y2kHbk3ZnAVdk="],"block_size":4096,"path":"css/whitelist.css"},{"block_hashes":["q7N6dNprUKycK8mdSC1OP23xgRta/e1+6yKEmfiJkw8="],"block_size":4096,"path":"css/zab/common.css"},{"block_hashes":["lg0yqMn68Ak+9186b9qkPNTfYfjCcOGmd/Gqt2oivxA="],"block_size":4096,"path":"css/zab/page.css"},{"block_hashes":["hg9nlHvDEf4R3fyUrTUFZBEy0DsxEjbseiulSgRZUO0=","SaNjfpbYAGHRvge+jTNf1bPwxon6wVi9DgnkiKZ5UlQ=","YFVqvZrAdZf/N73Qa2LrjfHH6qA7SWpJ43rPtXzMzPk="],"block_size":4096,"path":"css/zab/popup.css"},{"block_hashes":["FMaPwRJA6NH+XdbYP8gH7lmTsHa63Q58zkQGU884XrM="],"block_size":4096,"path":"dashboard.html"},{"block_hashes":["i5BIHLG+q1j+qFMDrJprynLOf1hdUc3RdMezJLwTHh4=","CLrZHn6IEsX9wmG2JGPevi9jzZNPv15u5WFwdqM6PtU="],"block_size":4096,"path":"document-blocked.html"},{"block_hashes":["1TJuEYANWtTgLweadpsOK9p6u9VaiYQ3aGSc1ovoS0M="],"block_size":4096,"path":"dyna-rules.html"},{"block_hashes":["NkG7Vsy5NvYPFwlOOcNyaW/dYmGCEDxz5ogGjhU9RYs="],"block_size":4096,"path":"epicker.html"},{"block_hashes":["1JXFGdc10ataj0ZTTsR/JQh2ic4roj3SAYx6xKz2b9I="],"block_size":4096,"path":"img/browsericons/icon19-off.png"},{"block_hashes":["Gv0YwyKCdFpOmK6ZpqNomT0pGm/tMhioT5ambMoOY9E="],"block_size":4096,"path":"img/browsericons/icon38-off.png"},{"block_hashes":["Pw+PaqbPq6HUhzjNmJPBKqvlZwpL0K+D8aerSKkax5I=","WbScsApkN5sC6GEkOqE2bI8odbq31tjMw7aSJMgBbsE="],"block_size":4096,"path":"img/cloud.png"},{"block_hashes":["SofvJcgRqU2G0ekIzLSjuTV+/q8Dwadi8aReJ0L6+KQ="],"block_size":4096,"path":"img/help16.png"},{"block_hashes":["KFY69Is9kjD56VaMxjYYOudd2rT60ruC4nxFalyMquc="],"block_size":4096,"path":"img/zab/logo-white-firewall.png"},{"block_hashes":["pCqzEqPEMaq4YagPmaTMiM4U5TV6ugDa0r3FLYmN7eQ=","0h76fK+SnlQ7paYDInESex2+dLVkxP+1naQayqA15vc=","hxTAknyaOolgT/bcdsXNefbHaHDJTacfcL1ghPNyt/U=","LBUDi/AK3mXq2JF/o/Kat5UbE5uXw1ex2Zgi32JHG6M=","zmBWacoLK6IrNZzvY5kBG0HW3ZEwSGg652TbuuK5yII="],"block_size":4096,"path":"img/zab/logo-white-firewall.svg"},{"block_hashes":["p4ecDM/v63jSvB8pYm64kMnQj5hVezNQA09shHkhfYc=","AV6XXntI6AG/A8Ww1Xy9/TPURGVWj+WeZzmyb0HBrlc=","8NJ3yP02Q+Mmkpqgbxt2f3bC3oGyy2SiobevhfIzIRc="],"block_size":4096,"path":"img/zab/logo-white-firewall@2x.png"},{"block_hashes":["TaL0lEfa/bz1Adzd9mGH1D9SmH7aC3EEIlCPfbjINKA="],"block_size":4096,"path":"img/zab/logo.png"},{"block_hashes":["fVJKioJKs8lsn8vjWmYnsRo7uVC70tzVfZZVg5kJ9Tw=","x3/hz3S15JGUiPSJWyLuYiC7THTUxN58f1Xl9OYatEc="],"block_size":4096,"path":"img/zab/logo@2x.png"},{"block_hashes":["nlzX9R5uwqo1vkiGsfG84EzUPHgo//C1UMA1cfUna5c="],"block_size":4096,"path":"img/zab/shield-white-border-shadow.svg"},{"block_hashes":["FxnLmtAYNw5rFwtp6TIdlyMcsusQ49kuL5+JSrk+kdI="],"block_size":4096,"path":"img/zab/shield-white.svg"},{"block_hashes":["P2h1o2SN3qjfodmKFS/aZ8GOcq7ALeInUCH5XSZf0Fk="],"block_size":4096,"path":"is-webrtc-supported.html"},{"block_hashes":["5qd244bwpq3vDZ8thnvB/T99kOkLxNFX9rUiBKDdXDA=","4iTVebctHhkoUlBVbKnAkWTNjsZ7k5L+eGWp9rDemD8="],"block_size":4096,"path":"js/1p-filters.js"},{"block_hashes":["VdZCGzz7vT7g8ezjbSeBTjXB/hde+ZQUo8On1KsT+LM=","L3NZmrNLFeXOXr9m0MACKgkFIx0eiqBQv11HCBr/lGs=","4Y2YNNOiXn3j8j+ds+Ochgm3zUpg6hLyI0ZfdJVSSq4=","xp9RMeMJXsTllPY938M9oPwE+ifPMLb/63HUfqcFu9U=","OvQz24Ev8Pl1tCRWs6JYVXMMsSMT31h+Shv4vDakLzg="],"block_size":4096,"path":"js/3p-filters.js"},{"block_hashes":["RWw9YnkILZv1NZz8RY+j99qelZhvGXvrWfQhTSsxyLY="],"block_size":4096,"path":"js/about.js"},{"block_hashes":["TcCjr5DKn3pqLPoUG+E29s6I2l40hgNqDhW8sUYS5Pc="],"block_size":4096,"path":"js/asset-viewer.js"},{"block_hashes":["80vk8ovtDYddpJSDnGtAKs5kbrA1xUTXbMk/Owgp/2w=","jGpdZKI/ZXWU3fxfPhQVRLISd/mmg+3DNWQQjcpvxNg=","YtKMJnmtczPtLhn0oxzTFXvwoR9L7EC9qzKxPtbCrKA=","BY+cSIMWRzC0l3L/7t7WxSZ+f403Uu4IYQ2utew1D1U=","1FQB1Qc713nNfreGdBPezMZaxUkqhWM00JDpIgwOxTQ=","u/WEhjtEk+0okRBY7tghbsEeoIEFil2K3NvODl39Nes=","yoORbZbHuLS14UjTdOYv89vexVHqv1qffe6HGG0AsjE=","h1IYy1INk6sz2NrY33mikC9VZa0bMeXJxV/F1YB4Nb4=","2MXc46PF/bXMFHQlgcCXmKouKKm/Jcbq3WXFY+1nn0Y=","uYp3A/GNsF0gVTxrjnqUQIS8NMtkOZZ6Wu6H7MFdh9Q=","19d4aLtvZGu/DJPfmAl0djF2HUaVVT/2xngJDAIcfVE=","wJ/ycQ0I9/lc3uNb4VS0hhCwPWr1mc12tNpd8RRvPvY=","ITYJwe7W05ZepOWUOtWuiy4B3VfB+5Nkb6uDXQRav2U="],"block_size":4096,"path":"js/assets.js"},{"block_hashes":["uvQYhoAe6eyRjZ4YLKGrMV/mrwvRlYjBpuKeuFqO0SA=","h1XNsrovK9dtaMB4wWlAC7iq6ic30n5iBWgdDtcWzhs=","ecVRyxoUchwgCyquQslHcwMvlPz5uEBZu6iyYHkDVcM="],"block_size":4096,"path":"js/background.js"},{"block_hashes":["+Br9RFKQi3eiqoRPDiRqQunO1A+veYy0fBQxChbQHIg=","7GIud3YxHZW0nAm83HjPjDqAJBpf9AXaUXRqPSCzxHw="],"block_size":4096,"path":"js/cloud-ui.js"},{"block_hashes":["sr0vR1NOV6FX94AJ4nwRONhRH4MiBPJAZts9fGt6ahM=","FmmYOV8PuGkw3ooTFg/Dc9bHgJp8LjBpT+KLF4vq2H8=","bUCU44/WMCyt++SpeFKq58+0ybC6L+UW/ROGZoyYsdo=","tMSiDRF9+xiDCwEqWVv+tMZbHn7RUjFGsFOXVR87Tjk=","GMm/mrunV9nS3TKCNDaaPuYZ/7CyMGOYxDuBTiE7Rmk=","CD0BvhiecCQVcSDwhm3TY4tVjN9NY5AiW0V2C6lzzVo=","ghjsYVxQin/xl5stswMQYv/zGvmukZ8KWhgPcCNt4oM=","Q6nRl669KX9YJTw7oUhGQbo7DsGh1/ifjC3qIrHTumQ=","t+3wRtIWa2IfwQ1+w3NtLEpcmEat+BmqZfXZZRu9PIA="],"block_size":4096,"path":"js/contentscript-end.js"},{"block_hashes":["IvWQNh+x8X/1k2G0zU1DrSOkua4IfcaYG6hhjHyhhdk=","mTDbeUXhe6VcT0FAe1J8EuD/Duoc6cGUE5FIwuVoJbA=","wX3ENi4Lzogvr7nrfTKGju6tUduqPo7rGTjc5BsnHeI="],"block_size":4096,"path":"js/contentscript-start.js"},{"block_hashes":["iSESjcweAK4nRuwzDbpx1dR/JeNvZFZj3UFU4ayu2Rg=","ZfQVmZzw3V9UAQSHuFNXaCCej4FBb6Ou4WC5BhLPpVw="],"block_size":4096,"path":"js/contextmenu.js"},{"block_hashes":["kuti4cRW3top79231/LU5Jk4L5XekiF41aBw/MjWxEE=","9esC0h1if8Vb8Usx/CS71z2Wh3RYhVPwNLXhQrpEfKo=","Azvj218tATiQZNbN2n+RjyiS03iPXllflB4T4KmBeQM=","DyZh0ElGNOTmpd+RbsI9KuOOu/wG1kH9EQ8X/8fyloA=","U7KbHm0UdGlldRLaPeU63TSz84gqDn/eaY4Q1czFiRY=","K9/8/f41lrlVAlBjK/kJPShWoZYJtCwmZMXSMhgBP1s=","l7MSpr9hTH2frZnw6j+0d/07//vNGOMwgo/g9sSa9dw=","YIR8r7dqww5K0oP1Qnfai7UokVoufVtMM4r5kdGp+O8=","QcdKEmRvaNFAFCMiTFZ7+uBaqUJV2F5655nzkL7bu0k=","h1WKfmkJ4T8fDrMaPsuLRTLIU9mpCvb/2BcXCz23UFc=","TGTWw4bSsF5ZPsrUsr+hmmlp997VCIKRZPBIPsc6S00=","B5bqh6XBH2uakE6EnWR+P0sEAFYnTymhdp3thXttnWM="],"block_size":4096,"path":"js/cosmetic-filtering.js"},{"block_hashes":["47TOdFGlSesbpZNEV8IbwMUeI3Kn39ItRV4UlMY9yFM="],"block_size":4096,"path":"js/dashboard-common.js"},{"block_hashes":["S2ZVBz7DZ+DbGKoZ+PkekyfL6NaQYmhFMUrPXOklQMQ="],"block_size":4096,"path":"js/dashboard.js"},{"block_hashes":["z16XV2rGY3RQVywF+6uHOKIB5sSPfvb7fbzzb8whEOc=","PPvPjFnG67YeTP7iSo2tT+hz/2mqb3lvGFSIem/NjAc=","FJaQjXlkBCkybNlffc9+V6PGAoED3l3/o+XvNcWc9l4="],"block_size":4096,"path":"js/document-blocked.js"},{"block_hashes":["XVRcqSRhJxVRJeHFEBxSQpzzd628qoQ9cty7wfGOqeY=","CtgeyS1yeNOgC+FG/IS1WfWkvBKQ/i1Hi9Pj5HVQPUo=","btmFEQYAKRcoWdL10wAatw87vv+PaIXOTCsqT74x+sY="],"block_size":4096,"path":"js/dyna-rules.js"},{"block_hashes":["R6s3Ezow3GBmd7n2xm7S5lXfOqq0INC+2uY8V6HULkI=","cMRuDP0ijCZc+nhkrd0Crr6dev8aSdyMg4z5AkumP4k=","xOkT5usHZB6BN2/kaBbEIzl122UFEr1UifAxiUnd6S8=","+xCkI7E9hEE8IK2RGhAq3B0KSpF4DYFA0j2JUibW4+U=","s/JZBB+6Uf01q7bVd0duAoVqle11gQptWpSTyPCiS08="],"block_size":4096,"path":"js/dynamic-net-filtering.js"},{"block_hashes":["kzjDigAhfxaltLG46DAUbc6NfVPmXZlqqXGLlQCLgvI=","BlO4iI3mibg19Lv0iv8IHEGzvniIeVKNDLHwAj5x7WM=","JR54LQLUhKbaXn6hsiWrRvPz1FTI+mocIuO+qoelBqQ="],"block_size":4096,"path":"js/hnswitches.js"},{"block_hashes":["/Yue6jY8fUZGNrvtnwHYIhl5TGaG22/BmrlApM7km9U="],"block_size":4096,"path":"js/i18n.js"},{"block_hashes":["2gtz/ResMFaBU1bQRTlK76FS/cpuMCLEHfRJ+SbG27Q="],"block_size":4096,"path":"js/is-webrtc-supported.js"},{"block_hashes":["xcxJc8dGB2KmXwYHjW8ear1rbGwsNyBGeixuGUNzlyw=","PGAESYsPZggmKTgEZX792kwKg89omzqbhXRndLW+ItI=","eMIV5EFJMoyfJyiSaQ2WrI3RsM/COTFDJF8fBBcZ1oU=","XmtXykh83WFbnZCzUxTPT+trkZP+WwsNQcXp/cOGFkM=","uZvjU1CJgOe6ilfXvwkDlXg3mFe1LrJ6BzSIFcyJ5v8=","jffJ3HnC+A9AhMtHUnc7cGAMwuOPvYjT6efkQpoRd1c="],"block_size":4096,"path":"js/logger-ui-inspector.js"},{"block_hashes":["iZ57U4s/4/wd7VU10n6fEIo5IPNFi8R/62XNizD+sjk=","GGzhyzY2KIZgNfynk4Gx3XM/WN608HhWPmyJr/Qb8Y8=","GVTxKp3dilLdNyAVDtaESHP48KhT4FGENgwRWVZKg2g=","ESwfpSK5Y/dc6DjfEelkJVzDkJqlo9FH5V9UQE2gyxE=","sRmZZF5HHizSs0tva7d4XnwY/ZUuLtLxCMHhvMoYbKg=","mLGaXROW/r6Vyt4kbB3TWegtIIrom6Xwxb1XL0jpAOY=","LauPyCgQ6jACbsC9CowZBNv6sCyg+EbZDdm8FijEQDw=","Qxu/XYx1S5+c4tYfm/NOtUnHf3ZLyrf3KIMW5PrbQE4=","kiJcB9ibFlEsMaNMYyjoFqwa8dzjvzyIewiw1RTwJEw=","TDfW0G7qvbKM8yf/N5fzvrsCim2R5eRY/4ijougfQts=","xi4EcwwO0G2wY/r/XCFmFJNF5N0MOPn+HLfpzlTnd7Y=","mJwAFSC8yKs/i1YEdEJEW14XPe7Ct7a0N6XtqfFseIo=","vYX0OX2r84UCw3pMyoXF/X8K9R90k+4dcGHIYeB8FqU=","XDutDEpfqynaud0lQ7TsmlhiWAs9uWGJrm889ncglEI="],"block_size":4096,"path":"js/logger-ui.js"},{"block_hashes":["XSxR36SyaGR6ot9fctU4+SPsXHp4sVTJurPkJ+7wf0E=","p7v8pmwuydMbN+tkhQ0Xl9ixvQzzvLoC1XXXNVd8cbo="],"block_size":4096,"path":"js/logger.js"},{"block_hashes":["Sf4PwCMfv6e2so/snwgbK3LvlnXYlWb8ktE4X0SE5NE=","UffMuJHpSO57bwiisJGi2aVHJkQo8IWcqsFHnHXj+iM=","o5wIbp2/MMqHVf1RZz4FPcAm41l1dKwzhuliqDoovB8=","DUnvWuYP2gbI2pNG2ow3e0cSTqF/1Ww9QvugvHRN8LY=","laNR18wWUfifYeci7NZfw+qzdaZUNo49QQ3A+RquRjo=","ls0d2lT/05IKbBOrR92N3CgxPDDt7SURwQswu8kMfrM=","8j9uV+BmabLRHg9pj84ihgxflbFaLVIoGYPqg0Hv37c=","RTMd7WZ7Do91RXG60xWvxE0ziB/ZqWFT/5OZ75mFm14=","vBg18XhwPICBVw2TuWSbg5ocEBY4WSwQIg6NfuaOxJI=","/Y4AWu/FlmGuIPrBO5BTwzdO0IrXENDBzSl21bN3yh8=","E2ZatcXw6QpTVUQI5E0LRKTPMhOPC+X1hugJHPFt4zU="],"block_size":4096,"path":"js/messaging.js"},{"block_hashes":["uTNY3+U3UKfkovj+zBtyma2vvi+RVzI5Lnfbj9XF5L8="],"block_size":4096,"path":"js/options_ui.js"},{"block_hashes":["VEBRHo112KVBa4aTk3DCy3CNSFlBfesmO8ESk/oB0VE=","u3Eruei1TE7KT1mzUEpD275JRKz3F4JCjPgMjPp0FUE=","fLjec56S6No4RUPlIx2eCfb0L1LzeQtqYtGELLlsab0=","A38wo4MoXrvFmNryJIK1nek3hLRD7UWd4/RKcyWK4Zk=","NArEG2uJESSIBC4s/J6Ju+QfZfcKBHyjEoVEnwU9M3s=","/1pvo2nnLnGXCDdanHZCQgg1oitpYglKxTY10HRD7gE="],"block_size":4096,"path":"js/pagestore.js"},{"block_hashes":["B849ydT1PI5PXC5Nz5EcYDOTrUS75zjhRxVXiU7Ir6Y=","gvZPEnwQ38M2YgFrjswmb88Za/e8nif/XtmcnzZAOF8=","HWxAmaZ57CjtN+VTGbQ13GzopT5KBR198TmXf4aK39c=","RTNIcMQJfYQdnFsj1tkz4q40jqDLFqM2eseq6p5MUqc=","qrwJSY6FuN4T9t9vEVdwpzaWHcNEZSQDUPp5aO/CXpE=","By0sTHjjCPw3WMX22fbY2PqHfXZwhtWMa5Q5IFLY4Q8=","xbfEJzFeH27xw6LpNltc52mzb1Uy+OCnVRkooZTWL+4=","6uWPExuJHxINJdmgepZj+4yVLKTlCHCMXLNyB/U1PHM=","5sWz8QhKpHb52uIYTHVrgzf0iTTQjvchkqp+wFy9b3U=","pvHZOG60Pt4GbfG4f/4jvKA9/FBWkofs79tMSFRn0ZE="],"block_size":4096,"path":"js/popup.js"},{"block_hashes":["BNUuXr6mZsKDk9ekcZtmRtCSknUWfmg7OsuivR7N9OA="],"block_size":4096,"path":"js/profiler.js"},{"block_hashes":["iZPaNer9wQkOE+Err+xNaa4tCFriddUOMCc76nwb1DI=","ocT38In9iLxz6SkPs6BbaGzRGkBscAjbLHwnoN6XHC4=","0cxUQnHjFuO5qDgeU8Q+xQNC8VAHr2Sl/Dnh+YxUm0g=","GAi5DJrzQD4HmqpsS9kTER0YFY2RRPh9VJWE0WBLbUw="],"block_size":4096,"path":"js/redirect-engine.js"},{"block_hashes":["HM35TRDpY1Z5IbiHJE173OUg2AALt39sNMmEfu2P7As=","DJJ65i2cNdf412c3YA+QIy0sF93tXeNexQ8rI4+5b+Y=","6v1zFlCJcIsRlP6DRCa/LfrOF/eBGoo7CdgHk3nNb/s="],"block_size":4096,"path":"js/reverselookup-worker.js"},{"block_hashes":["9ui1BucOUOTdEv4s2Z+gJYDr11t9gi2ebmKMeyKjC/w=","ObnigfHDWLjwRY1Lk0PWXMG8SqibSYvebvw8qSEEfX0="],"block_size":4096,"path":"js/reverselookup.js"},{"block_hashes":["P/XpIc4MDM3fiB+UTAcKQo2daQWhuQOB4tZau+YXfDM="],"block_size":4096,"path":"js/rpcreceiver.js"},{"block_hashes":["vtTv5dw+uPZKRovAaQMUMSIFu/0GlD57/MZeuBM4VIs="],"block_size":4096,"path":"js/scriptlets/cosmetic-logger.js"},{"block_hashes":["1zTlMlSFOkAvYdEyBgMIbMDL1dbV6vkHUc6EvUgC7Uk="],"block_size":4096,"path":"js/scriptlets/cosmetic-off.js"},{"block_hashes":["1Z7t5XkKSFiH2gyA+DohQjQv+HpNyKSuH9Z5L6tRwLI="],"block_size":4096,"path":"js/scriptlets/cosmetic-on.js"},{"block_hashes":["YMu6ogZaHDOY+q87I9//8f5XqTc5OwnOHB7+SochLPA="],"block_size":4096,"path":"js/scriptlets/cosmetic-survey.js"},{"block_hashes":["mYACFsY1epGriw4L7onoVbhsYR/oe/tYZWGS/fzXlb8=","5x3J+gDbXzn4doCW+K0cSp2XRaIyLAD7MrfwV3USgqk=","iBjFTzXuKyrzJO2QL5xWT2DP75axCnmHElfZi4Aj6bQ=","cH9e23mrkZhOfXzQO3zgl8KMVwVlr4aZRrD2OJN8E7c=","l1C/wwKAQQTWndPO+Jlzx4MLPC6f/7/DlU8tet2eYfI=","8jSM+sVW3CbnKtwxWlGXQ6mu3cbgs31dZuwxK3pjLDk=","TGJwpgH5YkO0CdGWsewC89kX7h4HgwXnviCtzYV6e4w=","gK36QEe3RlI4NUjCL2KMqVnxZjNvvVb/Yvxg1fxOaQM=","SHZmWkcQ2Etph+c66r7GZdf+FXc8svh8TBaq7Z5+IWY="],"block_size":4096,"path":"js/scriptlets/dom-inspector.js"},{"block_hashes":["qBOe8cGzho2O5MtAnK+W2r3F5aPD63Mnt3tqRTUc6Rs=","lC4z0XN3zTjovycw5+N2J5A4LGam/BgTHNbqpKH0pBs=","j3fiE6RaSFm9P7jv2h7y846FLMMjbWJV3n1P+lFcrO4=","NTQAWBUBduSdr9u/uQeeJUewyqmkDd3r9H3zyJ7X+YQ=","7bv3DG0/tPmohQd7Wd5jqbzG/8cRo9yBBAd6qmJXvwQ=","L86dKyd+D9YhvYIHjHqW3FbtcF3aJR6wHhxiuel4TYE=","AsfUIzaSJVbJg1JI4jVx/VsAnUg+3YR1VSli3V+0IIA=","YJ3LF85z0K6GNbg34d/6rBB3ULDq8WLTiaEMbJQAL+U="],"block_size":4096,"path":"js/scriptlets/element-picker.js"},{"block_hashes":["kVqqu5SSzdrSKwQ+FIjgrUNT7TJtS1aHWSXk+z6BgtQ="],"block_size":4096,"path":"js/scriptlets/load-large-media-all.js"},{"block_hashes":["R2IbMf9reBSPP/PZIX761RskM4tseaQJc8xQLuJM3Eo=","AvZKrH19hInD7tY5BDQEugxAYJXTSttPGZCYitZAVcQ="],"block_size":4096,"path":"js/scriptlets/load-large-media-interactive.js"},{"block_hashes":["SlkPpwKrPqW3LNZEDFUF8pq5Rpm2T7tQwnDzYi7Cjmo=","nUxeeEsDXsvkbWhpvwghMSCn+kNvTamqSTdt3w+pyFU="],"block_size":4096,"path":"js/scriptlets/subscriber.js"},{"block_hashes":["ZfB5qsX95UDU6DObNPUMqywTe66pWdKsecszo3PmSW8=","+lrhu+50UexTQZedAZLcUYrMm4AmJGOBX358GdWxBRI="],"block_size":4096,"path":"js/settings.js"},{"block_hashes":["RJpZ2oURI89dl0iscc4Hn52BOR4Uy+TxrXxlS9CZDS0=","VpWgnCz0SK9OdlZ00YMAKQl+/SpNJJlvR4JWKJT5Kpw=","vOr0PSIR0IvVsCeptPx8sHHXghsRtPVfrb090WoU0dE="],"block_size":4096,"path":"js/start.js"},{"block_hashes":["qsQ9hhTtEuYEYLICUVSSYHARNMLLkFafk3nqzag4IGY=","b0E1nmUg80Toa84qROSbvj9B78+jJBYfMmk9t0LFedI=","JdR48VGysnW5mjEsPvqAezEKgcgjixl0rgwgcw4UGD8=","6M9gSPnZvFOt8Yv+oZgK0xJnUpxFkdi0eUBLJw9Nr3U=","bKzPLJyYvte+DyQEiE49nr6RMtDuteHmDMHVwJy7Hpk=","/Q1QZ2SHZEx8vptowoT9x+ZMIGSnGdCxe/LlSoEe2vY=","OePWrJ7NNQ644HC0Kj9Zk6+VlnwWpqvGFwZfcBku/0c=","8kPzcUfm9KOBUe5LOUQzWnAreFbhZWwOxMJ8d3g/5mE=","jiHz8x9Bh+4KeN1VcH+mm/iGg1y4AXuGgFqy8ThEa10=","uzEpQvACUGrClx/ADNXBEmB+8C10llVIy+4MDlX0yJA=","MudOfff9tTfKi1q/Z/ka5IZkaoDW1XkOIL9m3G2m/Ok=","BtSNjcy4q9hgYl3yj4C4RUfNVNsFdIIrlJKr0hJywVc=","y/M8Srfg78phQUfgHHdbuAm65UPoSAkqTBoPMP51qCw=","NT9DSVmSdqrYyYjdT5EGUJ3N7gp4SQenaoRXkTaeHxI=","c6btvjxQ1iosImk8W2EB7t4Brylc36l4a2yznOdOZbo=","owpAjc7PT9RC1rO1s0HD0y3L08u0vfmtChhu/BXyRmQ=","Eu7fUBOYpahLB1Q3kp0UDVwo7AZavTS3NT/5XcLvbKw=","X1AEDZl2FEGks9gR+qerQtVc8z+sa6xGzchP1PmvsNk=","Pc4CZzXYYk9Zj/j4HN0asJOzJv3YXxx3wLwX2ZxNRIA="],"block_size":4096,"path":"js/static-net-filtering.js"},{"block_hashes":["zK0qWznYlBWLxzsJbXMxfjkocMYdnSJu1pwCOehKxHM=","5gzmmOUE383Tov1ia/K6LTbwRTLd24XM+R0+vNkgTiQ=","7jl1Ps0jOx4JVQrkTtGEIesjJ8j72tIC/wrREPB3jI0=","wyhcnBU0BBjdRMd11iVX9BGh6U6pL9KIG0Zxtt4MQ5k=","8q5kssxS73dF5wYVwvNwrCJK0VP1Z7GfEGAuwUsXwFY=","TlRIt/A3YWZfTrfpTI0MwuEB8bXbzzfuVMR+xDIdyH4=","7vLxGbej8lt/+GK0r6Lj7c5iJvzPUFP+WlNtg+klHAg=","h2APrRaTgfVOxqMlNtGpMgOr/loXK6sYnTkYS/hmbvg=","33qBGOeKdeEWuhizVsbE1wTfcnQ5bopzdu0Aa23PXfU="],"block_size":4096,"path":"js/storage.js"},{"block_hashes":["sPVu0HhLCza1+gm/UKlh5AVHloeAnohMPB/TETGNR7k=","CGpOFKPKoAmGrlkg4EYpKNTWlfALpNBt/hZgPT1iYWk=","hDn/nTGJO3FDcmvSKiZ5ZKTfAFWv79rnz4NKq3AW0zw=","d6CiXKeZT6pQTs0AP/6Op18jwWEPHoNURP9Xfy1dRiQ=","h8iQwYqjiFJZfyr2o28hHe4sfSDIFgKROaPrDDEy5ro=","6dU8206qdnHLLXgMbu9Qv0bEeT9eoyOml4T76oA2jDU=","d5Lkwv12dCZmmYSPqyRjP24quAvjWq/fr/vrwuLJcWg=","TXYLb6jB7at3PZuKuvJmXYls6eM55bU9KTMx/UTqh7o="],"block_size":4096,"path":"js/tab.js"},{"block_hashes":["NGvrxdistFiX4Wi7yWPTkI1+UwMyDJvKkfVK1Slr3c4=","M8fgG6Q2Tsno3hmKP3WlY3yDXbaxr/U4a9fqAsREpgw=","pr/JcdDWJo8xCqGjqaBxCr+X9JqrmYCL9i4D7LQBk6E=","N9oejWFOD4f8onEvzppxKthTLR5q3u0ZqeiiYyLR50U=","bLhrt8vJF6+qK7NO/Qej5LK4hXZ9MI843WYIrJ9I2bk=","iHodLQLHG7k+u/i88Oj7Ln4mlqf7G0Qoq1oJBjMPd9Q="],"block_size":4096,"path":"js/traffic.js"},{"block_hashes":["PFGh4fk3dyq7JaWNGX/F2l1QLxS2FizPFcR2t7dhI/k=","vD/DhhWfTKWVR5MpkU/kAuIOv1rsMaeDQ48P1GL2JR8=","ffzZFjYIC6SjVYevqfSC41V/s0AMw4ReWan00Kmown0=","Xk2HAq7TatKeo7MIzMwpX/2dn9isRtcQ3V+x8pnwPqY="],"block_size":4096,"path":"js/ublock.js"},{"block_hashes":["X53xIThVRqvezcJbyAFOEqO8/vt0b+fcBpS/CmBnxtU=","86LvDCdE2Jd0T4T30AnC5u4xQ61CUU3BoJxecgdkWWE=","qw2zcFieQwuT/3sxf8ovFJP8ECR74uLrGsl84PK1WNg=","UAEOQ+ddUQgCvH4HAuw2/zAMqnf0Vuklb3sSUJUZ7rA=","BMqKVVLgFs8Kgcq+n6gJNEaYpKWj727WBR943bBDkGI="],"block_size":4096,"path":"js/udom.js"},{"block_hashes":["Yb9bLp9lD6YEU3HqgReDRjyO/BDlUq2Y38KM0Nu2dck=","uv5CZ/rccYZ8TtIQHZk2xUcvSml5uS+FvTkb6TK2swE=","ekbFCrXL4RC2UnAlPoAkemE57OrERbxC5D9ME76zv38=","iqogFX49sqBvZzz7n+3vesmktQSP6QSmCi02V7Uc0Xw="],"block_size":4096,"path":"js/uritools.js"},{"block_hashes":["EOWG5cM6EfooGwcd6YAyvE8GgmSjoL1eP4rZwXdqST4=","tnw4cRaSouBnwWk924OWio7UelletkK2bdyr9x90vyo=","fDgcngtubBa5dxIEO77hyL2f0mRyxWaNXlVWdz2H4n0="],"block_size":4096,"path":"js/url-net-filtering.js"},{"block_hashes":["iyOGAao9ddHfoO1TB1FAtIfccJ6nlz4KDRsjy7TuBxk="],"block_size":4096,"path":"js/utils.js"},{"block_hashes":["SjBxAXZ3q1FusXkqiX1FQHftar9RLID6YTTeUcAL9lo=","wBEwWcrzDTsikkbYRkPDX5dMhbmaBaqjq8voG2PYf1Q=","zl74zFlF72E22JVL5LU8h6dwwr/CyHW9BgsFLTQaS6U=","2ED8SnPXnZ9WTKS4+R5oqemyJ5mtC9qdzNyoMxTfOL8=","POVGJuupi4qbbg2mVuUwTy/yDHnp5jCr5sLfOBY/e+Y=","ZAe8wFfsgHphyA8QZJ/PklgjlhHNhz4ySTod1TCJeo4=","JKHyfN1wI1NI8QO/E8t1EozvbssZcKCd2Ywvwb8iCiU=","mz59BIkNBR+TVvYm2Zgg42z1APX81MIb+m/+TYq3hp0=","lhmcS02fglRFkgCHFAfoCZ7gnG6r18RX3GmwNNS/Bxg=","qgCqrqS9DdsHsPDMtHYXhplWxGsSNtd/fPgmSpQQxKk=","r17GuDO0xkyPwiU0qnqRDePcykSlTqvqelMhutSqzIw="],"block_size":4096,"path":"js/vapi-background.js"},{"block_hashes":["/Mm8q/RvSF2NSnAb69eD98iCQ9wmWW33/fwbMPKdsIg=","Llj548XKz0nGy2fRdgFReRkCCANLMF0MShz5D3PAS50=","gTLBpGqHXrCaqdpNjvyoPh99a3zWwOJJNVmnyBuW4ZA="],"block_size":4096,"path":"js/vapi-client.js"},{"block_hashes":["Yd5QLaaGgXGh4+GOYomt3dMsHD2VwN7on4/oMSojvrY="],"block_size":4096,"path":"js/vapi-common.js"},{"block_hashes":["/8d8uVt9NkJdtuzAvqZGdVfWL5rci4D8w7YNO3Lrtzo=","50zqBLdr5l0WGmZ4gyEDwJhD/ynTh6/1tGnKQgcvrew="],"block_size":4096,"path":"js/vapi-polyfill.js"},{"block_hashes":["fdrJRhVPKGojedGz4idU4KTxmHOGfEfB6lPPmYthcGE=","WwZRMH7dH6Pnsqd1LWh0ZJOJkbx830d/GTgLuqY5Hlg="],"block_size":4096,"path":"js/whitelist.js"},{"block_hashes":["yfdVk8p3/JanegoRXjQ35s/sN/Ssc/C1q2o8nmbALww="],"block_size":4096,"path":"js/zab/background.js"},{"block_hashes":["usWmhT5voktMY9PlSMkfgNhSDdhCGpMUc0j/HWJpDFM=","5LTVHI/oSr4YSNut91AOx2n5Vaf71fhzSVxwPXZrUp4="],"block_size":4096,"path":"js/zab/messaging.js"},{"block_hashes":["54XRu8jLSEs15aBzw91+6zgF4Pa3YFhfKKii+mFlh9Y="],"block_size":4096,"path":"js/zab/page-api.js"},{"block_hashes":["23lOSI/KLGlBR+R11XF99L9f7OGnPzARhu/XKUAdZx4="],"block_size":4096,"path":"js/zab/pagestore.js"},{"block_hashes":["26o+bojau/npFxUyX0TsUppjCcXT7CuxuRtWwSyHNro="],"block_size":4096,"path":"js/zab/storage.js"},{"block_hashes":["saKYql8bl1XFFDKye6wNhiq0HSPzJljt1hhJRh05eiU=","ZAYvEtlWTNPGVSSv/x/0xRwVTh8znCxxkZHYG52Hr4w=","EkONuCI30EVkeUxalMZezHfFuary8cG1MqYM/1tCKQc="],"block_size":4096,"path":"lib/cash.min.js"},{"block_hashes":["jCC9fgo2TT35Vj1k4otGYOaycyBDhzGek3x+8MAry6s=","Aqtzs3by2u01LYzNjAZrakzzNEZ58acsW+g2tZqxEXk=","QYQeMYfpMgAgPa6jlx/bMvOkankkd068sXvwwdu5yK4=","7rfIUCpm9bFC7U0AGnelqREpxeO+lpJA9OVVy1k632o=","58AAmDNfeIkseYnVuFYzYlWVsvCz3Xl9q5NpHFxpF0g=","0ebBQZYhhRL91XJ227i9Mt8dh2NSnFtm8NtVaxdlPq8=","enUxKqavo+1T+GIyFgGMrFvOTJEqueA63bQQdJchL5c=","ChEbDhU1E4JVwgr4FpUUtdwpfYaH7MM/62Z+6cKZmOo=","dcxd/GRcmoZntEhgyHq7U+tx7m8tDuIeHuItNKpWSW0=","gWZ/6uARGC24T6VF82Zic/3jfoNw8VuiP+HTjjTrJes=","JezujfbeulCOxWkssZur4yPcb/Zjci7EKIAj8HQdypY=","xa/KPGEPQPogLyEaokWBUpv6Jo3BxEaEpdF6t+Ydqtg=","HNPiY2olRwWxnuZXnrnhxi7S15Zmcze/Y/SWrewxG+Y=","i9BdrHO9ouVkrFGLm4Fb4qDDRIXfRf4JRSF9ycj7Yiw=","4//M7U4KWDlYnBkCV5jgJ8GZ/KYgPvfo0ESn5ciihLE=","EMxgn2dcS4sS5438sd4wRDPRLfVDohd3zVsUgeaUG0c=","FoInlm7JdKfsBz0Y0ug++PkL9+4UU1MNLl5Nrs5eF10=","ooUunIKob/IMWZcO3syuz3thhlyULvzVUUtXVNZNC3g=","mEagBncylZIV3L58V7V2PebpMcTA5/vAeicEc5usVsk=","mFuumHPL+3Jsmcy8wSHXZYp/PQ4vmFCMVlsJ7TQ1Yuo=","A6xOJER2DJc6MNtl2NGtn8xhOj2/V89+x4IQUHzujiw=","C2MYRdvjMRVG1NZBDPIXcKzBzxAqJB3DF+8t4fbdbRY=","UOp+7TU96XoBPtWtf1ZnWJUlDZQVF4dUp0lpb8aZ31Y=","cPSqiK4knh2FlZlLy9lqu3eLe3DpOnIamF4ZcOS9Vz0=","mP9DTiJ9WdQ3qfmYSlBI2ihmsb2eKVl4au+he5nYzpg=","8/d6DLJaB82wEviRXxShpHE+YDeW8nbo0YIIIS4zjME=","Io5cujb3aTTvoseg+s+peqFXiHhjqZMFXB2HXqWZWHo=","R5CQGxSdHPidKC/j0nmnsjIoBK+pneRCV38rCKx/wiU=","xfmU4peHFhxJIWBdwTGCd1VySJjVLwCGotZ6NK7AvvU=","M0JVCKFkVO7WSeYj8l/0qryzD9rCZIega5S4Sgy/V0I=","K6aVTGSROzkcUyxggSVYSdfExp1HQXpLzwLedLvyOoE=","38fwqOs1Ow0HHZUSB654mT3Z2sETTJKz7BWUX93Ngqk=","2vTz+c4nsfu5f683qBcWFtLNTT9UrGYci4JEulJ/Z5A=","4VgciIKGx0iAHpL58Qu8uyK+PZIkQ/Q7Lc2m9Z0gdSs=","Jy00IMVpBI86cWxHC3gQxiokdefhRZHboZimTHfQBQc=","4ggzpVjilygw1DX1zfG3HA94wlEfiv9AuVFA165DuF4=","oAQ2oJa256qZ7ZVirNLFYc8bey7Q8lscwEKDVyJxspI="],"block_size":4096,"path":"lib/d3.v3.min.js"},{"block_hashes":["8+yBYxKDe5nIBT+gdnOCWQeQn15tpwP0laE4o4ANDBI=","EIppx0674o0xj/GdQHKoR8lWZnDcbqWWZWXggbW3rNM=","NMVlQ2p9NG3/rmjKK7VD2NtRlnWeLXAwB1S5OfOM6Ks=","v7kUnWoVHE7NNfMJO2PzefoGmmQxS0PGBM8oqLvhQDk=","Bk3tniTfFSEBwWZrWcsF9UYnTOsgBeDEz/WOXcvXk98=","62SyRu3O/e4h3CNKkNt544ODY42WY0s5rCdKWoWNEO8=","xUNXfhTueFYSDZpwED5kbLEvSvzsltyEcUPlr5ICci8=","rgZX3z3mVcTTqqiulYCuwWdVwAwnjpuc39TZ1Wa3fPc=","UDsAw70ibT1AENDEAi8ykggANfT5IYavxFeVLYI6lKk=","RFiHOmErqRRZGwrvx3vGjgpbFJXbeHAAjH3e9FCIZJ8=","VrnJ8iVEKssqI/5GGJcQS7d7S3AdqliWUtAUjy9RHC8=","pME52TpBOVBiB0omxn4S4uCV/Y+ij5ufzhZ1C+DR+TA=","AcU7M7bvfPXEI6B+q+OTMSoFPjL9EuzuN5xXuPzqTy0=","HB+uqK5RLAa84KWd3ZO5HMopfYNKGiNPl2ZErz9yoL0=","YjxK9P47hLPSyvDJCn15h+nsv1pFHXHfmoL5vU29D+o=","fRkEUSX7uh0M3IhsLHtf8m8Js7nbWKQMQMdbsrLNeno="],"block_size":4096,"path":"lib/lodash.min.js"},{"block_hashes":["mgDwFdJaQMCoPPZsLDet062iLFd7w18+9GPBUTzbxDk="],"block_size":4096,"path":"lib/log.js"},{"block_hashes":["3fx8qgADHSEIqwXdMwpWotcrZ86LHbq2NltaGQxj9I0=","g1L+7vD0rRhHsZeH9wdpmQPPDTri6IiWbrc4ukIWGYM=","5YbDqWXB08NXyMCFFSpGzVy+Zl52rb009qeY/PKgxYY="],"block_size":4096,"path":"lib/publicsuffixlist.js"},{"block_hashes":["Hvg0wXesuCkqdK5d4Cy5HE3OkwTl+Y2cIB2s09vYhx8=","kHrtJAHOGz/Zf3jxDd5h6jdADuSvMcEJilgWsYUsyHo=","QM7aAmqLIq1JYpJdZkaPBXH86fD8yl2egQMNQJHm0uk=","RapXgHobILE9kbiOpZWHjJ7/SfXCCYC3fvda6WttzW0="],"block_size":4096,"path":"lib/punycode.js"},{"block_hashes":["p9iHfKFcD0CcIl3aM5roOzuy6K+VVr1z2CVJYNn1Ve8=","7GZ0DywPkTKfYwVmFSvtxWDDiaop7WHfZ9gnJhNp2fs=","fRzoM7cvivzEeDOyPZxai60yAcsON6Rl0uBz2o3ho+Y=","+sgXHlh1EvLtJHdF1CvFK44pDQG/zjHdUpDrNP8cWOs="],"block_size":4096,"path":"lib/yamd5.js"},{"block_hashes":["77qZqzsD2rsrAGi7D0iJHAPMkpcr+d9QPRCy0FLyPD8=","/dtBxtVWNSYP7v1tL8Esjmm6Idw+9Z7ziFCxw1kOivA="],"block_size":4096,"path":"logger-ui.html"},{"block_hashes":["UDC0jVBkT2KmGtt5Q1nW3mdfRTFe1GZUfaHOzFyMxNk="],"block_size":4096,"path":"managed_storage.json"},{"block_hashes":["6yygxCt9QU8pUbqOAWQShHMVmq0mN0nNTwaRcb1hJUg="],"block_size":4096,"path":"options_ui.html"},{"block_hashes":["Pt5msEOG08TO9igyDhltaQEY7JXZY7QCQQHEFSjAM7c="],"block_size":4096,"path":"popup.html"},{"block_hashes":["fGZW13z4HXtpP27z+oHL/UePUS+cHBsnVz6Rhy+tbSs=","vSSte3Z56nUny54p3XfUvq++mfbcrvD0zDwfFgyMVHw="],"block_size":4096,"path":"settings.html"},{"block_hashes":["Savag10tkmOMsYAbLD5SORwFyWKBQmxgi9EqS5vnt1k="],"block_size":4096,"path":"ub_background.html"},{"block_hashes":["pV1HcWODFjmbMj+zvOYOmDTGB6pN94DSRjqIsnd5Y0s="],"block_size":4096,"path":"ub_dashboard.html"},{"block_hashes":["srs6naNJ9e5mviAvB4gBEunrSqs8VcMyR/hLZu32Z7Q="],"block_size":4096,"path":"ub_document-blocked.html"},{"block_hashes":["2bHwDUYGDPavnGDo5Bkh42XpAlZwamdSLRa5cNqSAXw=","fVYWmg2CTgsnbXBE+RLCEkk8NhKcsVJx+jltWZVIu80="],"block_size":4096,"path":"ub_popup.html"},{"block_hashes":["OFpSYh7v7bDOKkpPAta0RnbAbfPD03jJGTsZvNS9zP0="],"block_size":4096,"path":"whitelist.html"}],"version":2}